complete_name	year_established	core_area_ha	buffer_area_ha
Uson Buang Pongco Bonga Fish Sanctuary and Marine Reserve	1	0	0
Bacud Reef	2006	0	0
Tablao Reef	2006	0	0
Bagong Silao Marine Sanctuary	2004	0	0
Popoo (Datag) Marine Sanctuary	2003	0	0
Santo Rosario Marine Sanctuary	1993	0	0
Ayala/San Ramon Tourist Zone and Marine Reserve	1978	0	0
Putiao River to Malbog River	0	0	0
Dawahon Marine Sanctuary	1980	0	0
Cabugawan Marine Protected Area	1996	0	0
Buluagan River to Lagarum River	0	0	0
Maliputo Island Tourist Zone and Marine Reserve	1978	0	0
Kalongkooan Island Mangrove Swamp Forest Reserve	0	0	0
Cabong Reef MPA	1999	0	0
Zamboanga City East Coast	0	0	0
Ban-ao Marine Protected Area	1997	0	0
Nabuungcagan Dist. 1 Fish Sanctuary and Resource Center	0	0	0
Mangroves along the banks of Donsol River	0	0	0
Binon-an	0	0	0
Mangrove areas from Bo. Biabas to Bo. Ondol including Bo. Condray and Juagdag	0	0	0
Estancia Marine Protected Area	2004	0	0
Cabilan Island Wilderness Area	0	0	0
Lagonoy Gulf	0	0	0
Gerardo Point Fish Sanctuary	0	0	0
Banaon Island	0	0	0
Puerto Princesa Tourist Zone and Marine Reserve	1978	0	0
Kota Island Marine Turtle Sanctuary	1982	0	0
Artificial Coral Reef	0	0	0
Mangrove areas from Tanuip Point in Banao to Kinablangan Island	0	0	0
Cawag Reef	0	0	0
Calituban Fish Sanctuary	0	0	0
Carcar Marine Protected Zone	0	0	0
Bo. Magdangay to Malobago, Port Barrera	0	0	0
Mangrove areas along the banks of Daraga River	0	0	0
Balite Bay Fish Sanctuary	2003	0	0
Mahanay Island Mangrove Swamp Forest Reserve	0	0	0
Mangroves along the banks of Sagnay River	0	0	0
Tabaon Wilderness Area	0	0	0
Calbasa Reef Fish Sanctuary	0	0	0
Verde Island TZMR	1978	0	0
Mangroves at the western side of Sukol River	0	0	0
Hikdop Island Mangrove Swamp Forest Reserve	0	0	0
Mangrove areas from Liangan River to Lipatan River	0	0	0
ECA	1992	0	0
Mangroves in Toos Cove in Mandaon	0	0	0
Mangroves along the banks of Salog River	0	0	0
Himokilan Marine Sanctuary,Cuatro Islas Protected Landscape and Seascape	2000	0	0
Bintahuan Marine Sanctuary	0	0	0
Kalotkot Island Mangrove Swamp Forest Reserve	0	0	0
Pasacao Fish Sanctuary & Marine Reserve	1994	0	0
San Miguel Island Turtle Sanctuary	0	0	0
Pongao Bay Mangrove Swamp Forest Reserve	0	0	0
Caohagan Island Tourist Zone Marine Reserve	1978	0	0
Puting Balas Marine Reserve	0	0	0
Lawigan Fish Sanctuary	2005	0	0
Pacijan Island Mangrove Swamp Forest Reserve	0	0	0
Halog Island Marine Turtle Sanctuary	1982	0	0
Getumbro Point up to the Mun. of Sorsogon	0	0	0
Palanan Wilderness Area	1979	0	0
Gaba MFR/S	0	0	0
Tamban Fish Sanctuary	0	0	0
Balangiga MPA	0	0	0
Mangrove areas from Baculin Point to Lakud Point	0	0	0
Sag Fish Sanctuary	1997	0	0
Mangroves at the western side of Casiliga River Island of Soguicay	0	0	0
Basihan Island Wilderness Area	0	0	0
Cangcosme Fish Sanctuary	0	0	0
Pangan-an Island Tourist Zone and Marine Reserve	1978	0	0
Capaquian Island Widerness Area	0	0	0
Sagayapan Island Mangrove Swamp Forest Reserve	0	0	0
Mangrove areas from Diutag River to Lomocab River	0	0	0
Sablayan Point up to the mouth of Bagong Sabang River	0	0	0
Brgys. Cagsao, Sibobo, Bonot, Belen Calabanga Marine Reserve	0	0	0
Sandingan Island Mangrove Swamp Forest Reserve	0	0	0
Jomalig Island Mangrove Swamp Forest Reserve	1991	0	0
San Vicente	0	0	0
Balahibong Manok TZMR	1978	0	0
Bayagnan Island Mangrove Swamp Forest Reserve	0	0	0
Mangrove areas from Bo. Tuban and Bo. Manpagui in Santa Cruz	0	0	0
Pigbucan to Paron Point	0	0	0
Maricaban Island TZMR	1978	0	0
Canaron Island Tourist Zone and Marine Reserve	1978	0	0
Lakawon Island Marine Reserve	0	0	0
Ivisan Municipal Fish Sanctuary	2002	0	0
Mangrove areas in Tumalong Bay, Baong River and Pongao Bay*	0	0	0
Bongo Island Fish Sanctuary	2003	0	0
Mangroves in Bo. Gibgos and Taboan	0	0	0
Maibat Fish Sanctuary	0	0	0
Medio Island TZMR	1978	0	0
Cuyo Group of Islands	0	0	0
Pisan Island Mangrove Swamp Forest Reserve	0	0	0
Calauit Island Game Reserve and Wildlife Sanctuary	0	0	0
Panggangan Island Mangrove Swamp Forest Reserve /CEP	0	0	0
Balabac Island Tourist Zone and Marine Reserve	1978	0	0
Hilapnitan Marine Sanctuary	0	0	0
Islet of Batas Mangrove Swamp Forest Reserve	0	0	0
Iligan Bay	1975	0	0
Tuban MPA	0	0	0
Tanobon Island Marine Turtle Sanctuary	1982	0	0
Magdanay Point up to Taguictic Point	0	0	0
Bagupantao Point to Amutag Point	0	0	0
Foreshoreline of Bo. Cabuyagan to the eastern side of Dating Bayan River in Calancan Bay	0	0	0
Looc Reef (Managed Reef)	1996	0	0
Oyster and Binunsalian Bay Marine Coral Reef Park	1992	0	0
Talisayan-Medina Marine Recreation Area/CEP	0	0	0
Foreshoreline of Bo. Dapdap and Alabo up to the mouth of Tagum River	0	0	0
Pocanel Island Tourist Zone & Marine Reserve	1978	0	0
Bo. Labangan to Calalayuan Point, Ilin Island	0	0	0
Lapinig Chico Islet Mangrove Swamp Forest Reserve	0	0	0
Panagatan Islet Marine Sanctuary	1982	0	0
Kinablangan Fish Sanctuary	2005	0	0
Honda Bay Marine Park	1978	0	0
Sulpa Island Tourist Zone and Marine Reserve	1978	0	0
Poro Island Mangrove Swamp Forest Reserve	0	0	0
Malay Marine Protected Area (Tambisaan Reef)	2001	0	0
Puerto Bello to Lao	0	0	0
Papucha Point in Sugot up to Bo. Quidolog, Prieto Diaz boundaries divided into 2 quadrants: a) Sta. Lucia to Buenavista; b) Buenavista to Dingay Point* ***	0	0	0
Bayuar Cove to Tinago Cove	0	0	0
Brgy. San Antonio Lukulan Shoal Fish Sanctuary	0	0	0
San Rafael Mangrove Swamp Forest Reserve	0	0	0
Patnanongan Island Mangrove Swamp Forest Reserve	0	0	0
Ambugan Island Mangrove Swamp Forest Reserve	0	0	0
Laonan Island	0	0	0
Polillo Island Mangrove Swamp Forest Reserve	0	0	0
Guinobatan River up to Bariis	0	0	0
Pundaguitan Fish Sanctuary	0	0	0
Caubyan Island and vicinity Tourist Zone and Marine Reserve	1978	0	0
Tagbaoba Island Widerness Area	0	0	0
Mabunao & Balubohan Close Season & Mangrove Rehabilitation	0	0	0
Samal Island Mangrove Swamp Forest Reserve; eastern side is TZMR	1978	0	0
Shangrila Marine Sanctuary	0	0	0
Timtiman Wilderness Area	0	0	0
Mangrove areas from Malubog Point up to Barangay Sambulawan including the Island of Pisan	0	0	0
Central Fish Sanctuary	2000	0	0
Lutuad Point D.Leano Marine Protected Area	2000	0	0
Unisan Fish Sanctuary	0	0	0
Sitio Dongon Marine Sanctuary	0	0	0
Maguinoo Fish Sanctuary	0	0	0
Kabangkalan Marine Sanctuary	1993	0	0
Manuel Roxas Fish Sanctuary	0	0	0
Panuntingan Point in Gubat up to Tagdon River in Barcelona	0	0	0
Aslom Island Tourist Zone & Marine Reserve	1978	0	0
Quinabugan Island Mangrove Swamp Forest Reserve	0	0	0
Al-Sulnuan Point TZMR	1978	0	0
Bais Bay and Talabong Is. Coastal Wetlands	0	0	0
Icol Island Mangrove Swamp Forest Reserve	0	0	0
Mangrove areas from Agio Point up to the municipality of Cambuyao	0	0	0
From Brgy. Alegre to Cabanban Preservation & Cons. Of Marine Res. (prop)	0	0	0
Mangrove areas along Taon River	0	0	0
Baong River Mangrove Swamp Forest Reserve	0	0	0
Mangroves along the banks of Looc River	0	0	0
Constantino Wilderness Area	0	0	0
Ligpo Island TZMR	1978	0	0
Sombrero Island TZMR	1978	0	0
Suguicay Island Tourist Zone & Marine Reserve	1978	0	0
Palhi Marine Sanctuary	0	0	0
Mangrove areas in the banks of Batel Creek, Sta. Cruz	0	0	0
Magsaysay, ECAN Protected Marine Zones	0	0	0
Municipal Bay Management Project	0	0	0
Hanigad Island Marine Swamp Forest Reserve	0	0	0
Inabanga Municipal Coral Reef Park	0	0	0
Casambalangan Marine Protected Area	0	0	0
Mangrove areas from Del Pilar River to Palita Island, Bo. Salvacion & Dahican	0	0	0
Cambinoy Fish & Shellfish Sanctuary	2003	0	0
Dawahon Island Fish Sanctuary	1999	0	0
Ligid Island Tourist Zone and Marine Reserve	1978	0	0
Pangasihan Fish Sanctuary	2003	0	0
Gordon Island Mangrove Swamp Forest Reserve	0	0	0
Jandayan Island Mangrove Swamp Forest Reserve	0	0	0
Tibanban Fish Sanctuary	0	0	0
Rasa Island Wilderness Area	0	0	0
Mangrove areas from the mun. of Tagalisay to the mouth of Tigbao River including east of Vitali Is.	0	0	0
Pan de Azucar Seascape	0	0	0
Gabas Marine Sanctuary	0	0	0
Dinagat Island Mangrove Swamp Forest Reserve	0	0	0
San Antonio Marine Reserve Area	2004	0	0
Bansalan Wilderness Area	0	0	0
Poblacion Dumaran	0	0	0
Pulong Pilion Fish Sanctuary	0	0	0
Ponson Island Mangrove Swamp Forest Reserve	0	0	0
Panonobulon Island Fish Sanctuary	0	0	0
Gaban Island Tourist Zone & Marine Reserve	1978	0	0
Bilabid Island Mangrove Swamp Forest Reserve	0	0	0
Kabugao Point up to Kabalong Andang Point (Burias Is.)	0	0	0
Pulong Epil Fish Sanctuary	0	0	0
Boracay Island TZMR	1978	0	0
Mangrove areas east of Soom River to Pampang	0	0	0
Tinggo	0	0	0
Butlias Reef/Tinaytay Reef Marine Protected Area	0	0	0
Brgy. Talib Marine Reserve & Protected Area	1999	0	0
Balatero Cove TZMR	1978	0	0
Bancuyo Island Widerness Area	0	0	0
Bawing Fish Sanctuary and Marine Reserve	1998	0	0
Sibuyan Island Mangrove Swamp Forest Reserve	0	0	0
Culasian	0	0	0
Sibalat Island Tourist Zone & Marine Reserve	1978	0	0
San Agustin Marine Sanctuary	0	0	0
Talicud Island Tourist Zone and Marine Reserve	1978	0	0
Bacuit Bay Island TZMR	1978	0	0
Sangali Cove Tourist Zone and Marine Reserve	1978	0	0
Ulugan Bay Coastal Wetlands	1999	0	0
Puerto Galera TZMR, Biosphere Reserve	1973	0	0
Bo. Bagumbang to Malautan River	0	0	0
From Putiao River to Mantay Point Mangrove Swamp Forest Reserve	0	0	0
Alabat Island Mangrove Swamp Forest Reserve	0	0	0
Caohagan Marine Sanctuary	2002	0	0
Mangrove areas along the coastlines of Dupon Bay from Sacay Point up to the mouth of Dupon Bay	0	0	0
Sicogon Is. Mun. Marine Park	0	0	0
Gibongan Estuary	1992	0	0
Siquijor Island Tourist Zone and Marine Reserve	1978	0	0
Malanipa Island Tourist Zone and Marine Reserve	1978	0	0
Tona Island Wilderness Area	0	0	0
Maybog Marine Sanctuary	0	0	0
Brgy. Tanao	0	0	0
Sinagatan Bay to to Mantay Point in Ginablan	0	0	0
Coron Island Tourist Zone and Marine Reserve	1978	0	0
San Andres Marine Reserve	0	0	0
Mangroves between Bo. Tamosa and Bagasico	0	0	0
Mangrove areas along the banks of Mamburao River	0	0	0
Lebak-Kalamansig (Moro Gulf)/CEP	0	0	0
Tintauan Island Mangrove Swamp Forest Reserve	0	0	0
Canawayon Cove, Homonho	0	0	0
Carcar Fishery Reserve	0	0	0
Opao Island Tourist Zone & Marine Reserve	1978	0	0
Boston Reef Fish Sanctuary	2005	0	0
Northern Bank of Caima River up to Bo. Binahian	0	0	0
Buyayao Island TZMR	1978	0	0
Palay Point up to Mulanay River, Bondoc Peninsula	0	0	0
Calangaman Wilderness Area	0	0	0
Mangroves along the banks of Delchi River, Buang Creek and Parusan River in Inuran and Sapitan Bay	0	0	0
Artificial Reef Development	0	0	0
Manay Fish Sanctuary	2000	0	0
Baring Marine Sanctuary	0	0	0
Bondoc River in Aurora up to Pinamutangan Point, Bondoc Peninsula (Tayabas Bay, Quezon)	0	0	0
Entire Province of Palawan	1992	0	0
Tumalong Bay Mangrove Swamp Forest Reserve	0	0	0
Panicijan River in Butan Bay	0	0	0
San Joaquin Seascape	0	0	0
Salomague Island Mangrove Swamp Forest Reserve***	0	0	0
Awasan Island Wilderness Area	0	0	0
Mangrove areas from the west of Loboc River to the Mun. of Loay	0	0	0
Pulong Bigyan Fish Sanctuary	0	0	0
Burias Island Mangrove Swamp Forest Reserve	0	0	0
Aguirangan Island	0	0	0
Carogo Island Mangrove Swamp Forest Reserve	0	0	0
Iba and Poblacion Marine Sanctuary	2001	0	0
Tictauan Island Mangrove Swamp Forest Reserve	0	0	0
Cabilao Island Mangrove Swamp Forest Reserve & TZMR	1978	0	0
Batan Island Mangrove Swamp Forest Reserve/Fish Sanctuary	0	0	0
Nueva Esperanza Fish Sanctuary	2002	0	0
Quinalasag Island Mangrove Swamp Forest Reserve/CEP	0	0	0
Apid Digyo and Mahaba Sanctuary, Cuatro Islas Protected Landscape and Seascape	2000	0	0
Liwagao Island Fish Sanctuary	1994	0	0
Sta. Cruz Island Mangrove Swamp Forest Reserve	0	0	0
Divilacan Marine Reserve	0	0	0
Monte-Alto Timber Resource Corp. parcel 1 & 2	1987	0	0
Mabay Island and Basiao Marine Protected Area	0	0	0
San Andres to Arena Point, Bondoc Peninsula	0	0	0
Lucsuhin Island Mangrove Swamp Forest Reserve	0	0	0
Bantayan Island Wilderness Area	0	0	0
Haponan Island Mangrove Swamp Forest Reserve	0	0	0
Palsabangan River up to Mazintuto River (Tayabas Bay, Quezon)	0	0	0
Banacon Island Wilderness Area	0	0	0
Basin Island Mangrove Swamp Forest Reserve	0	0	0
Cabcab San Andres Fish Sanctuary	0	0	0
Hirapsan Island Marine Sanctuary	2003	0	0
Panata Cay Marine Turtle Sanctuary	1982	0	0
Fuga Island Tourist Zone Marine Reserve	1978	0	0
Carigara Artificial Reef Project, Naugisan Artificial Reef Complex & Guindapunan Complex	0	0	0
Sacol Island TZMR/Mangrove Swamp & Forest Reserve	1978	0	0
Tagasilay to Tigbao River Mangrove Swamp Forest Reserve	0	0	0
Libago Island Tourist Zone & Marine Reserve	1978	0	0
Sibale Island Mangrove Swamp Forest Reserve	0	0	0
Cueva Point up to Kimartines Point (Burias Is.)	0	0	0
Maniguin Marine Sanctuary	0	0	0
Balang-Balang Marine Sanctuary	0	0	0
Shores of Gilbert Is. & Brgy. Jamo-og Shorelines Fish and other Marine Products including Mangroves	0	0	0
Portion of Caragay Island Mangrove Swamp Forest Reserve	0	0	0
Tanglar Point to Bicol River	0	0	0
Mangroves along the banks of Sta. Rosa River in San Jacinto	0	0	0
Aloran Marine Sanctuary	2005	0	0
Banks of Balono and Pasil River, Toos Cove, Daraga, Diutag and Lomocab	0	0	0
Gaus I Marine Sanctuary	1993	0	0
Caridad Fish Sanctuary	0	0	0
Pambaron Island Tourist Zone & Marine Reserve	1978	0	0
Camiguin Island Tourist Zone and Marine Reserve	1978	0	0
Maasim Island Tourist Zone & Marine Reserve	1978	0	0
Sulu-an	0	0	0
Nueve Estrella Fish Sanctuary	2002	0	0
Dampalit Island Wilderness Area	0	0	0
Buguey Wetlands	0	0	0
Sugbuhan Island Wilderness Area	0	0	0
Mati Fish Sanctuary (Dahican)	1995	0	0
Panglao Island Mangrove Swamp Forest Reserve/TZMR	1978	0	0
Manila Bay	0	0	0
Namuac Reef Marine Protected Area	0	0	0
Bating Peninsula Tourist Zone & Marine Reserve	1978	0	0
Apali Point to Calunangan Point	0	0	0
Talima Marine Sanctuary	0	0	0
Condona Island Mangrove Swamp Forest Reserve	0	0	0
Solitario Island Tourist Zone and Marine Reserve	1978	0	0
Baliangao Wetland Park	1991	0	0
Bancauan Island Marine Turtle Sanctuary	1982	0	0
Tambo MPA	0	0	0
Sebaca & Damasing Close Season & Mangrove Rehabilitation	0	0	0
Balatan	0	0	0
Baras Fish Sanctuary	1996	0	0
Diora-Zinungan Marine Protected Area	0	0	0
Panciscan Point in Bitos Bay up to Bano Sanlay	0	0	0
Quinabucasan Point to San Vicente Bay	0	0	0
Basiao Marine Sanctuary	2002	0	0
Malubog Pt. to Sambalawan MSFR	0	0	0
Sukol River to Soquicay Island MSFR	0	0	0
Malinao Creek up to Salomague Point	0	0	0
Sitio Tulan Marine Sanctuary	0	0	0
Brgy Alinsolong (proposed)	0	0	0
Sigaboy Island	0	0	0
Mangrove areas of Port Tambang including banks of Tambang River and Olas River	0	0	0
Cabalete Island Mangrove Swamp Forest Reserve	0	0	0
Mangrove areas east of Inabanga River to Pampang	0	0	0
Abanay Island Wilderness Area	0	0	0
Vitali Island Mangrove Swamp Forest Reserve	0	0	0
Lamion	0	0	0
Nagubat Island Fish Sanctuary	1994	0	0
Sogod Tourist Zone and Marine Reserve	1978	0	0
Palasan Island Mangrove Swamp Forest Reserve	0	0	0
Arboles Point Marine Sanctuary	0	0	0
Naungan Marine Protected Area	2004	0	0
Baylimango Reserve	0	0	0
Pandasan Island	0	0	0
Bambanon Island	0	0	0
Mingay Dakkel	1999	0	0
Comayan Reef FS	0	0	0
Ladol Community based Marine Protected Area	0	0	0
Busuanga Island Tourist Zone and Marine Reserve	0	0	0
Mercedes Fish Sanctuary & Fishery Reserve	1995	0	0
Campamanog Marine Sanctuary	1993	0	0
Cabgan Wilderness Area	0	0	0
Islands of Guinauayan, Naro, Chico & Pobre	0	0	0
Katakian Grande Island	0	0	0
Portion of Butan Bay Mangrove Swamp Forest Reserve	0	0	0
Cabalao Island Mangrove Swamp Forest Reserve	0	0	0
Poong-Garcia Marine Sanctuary	1986	0	0
Nasipang Close Season & Mangrove Rehabilitation	0	0	0
Lahay Island Mangrove Swamp Forest Reserve	0	0	0
Caye Island Mangrove Swamp Forest Reserve	0	0	0
Islands of Lamagon, Cepaya & Corbeto	0	0	0
Malaquing River up to Mabung River (Burias Is.)	0	0	0
Punta Marine Reserve	2005	0	0
Caragay Pass to Gimbal Pt. In Caragay Island	0	0	0
Basot Island Mangrove Swamp Forest Reserve	0	0	0
Tampucon II Marine Reserve	0	0	0
Mangroves along the banks of Pasil River, Magdalena	0	0	0
Malazimbo Point to the Mun. of Juban in Sorsogon Bay	0	0	0
Minabel (Camiguin Island)	0	0	0
Silo Island Wilderness Area	0	0	0
Linao Marine Reserve Area	2006	0	0
Banoon Islet Mangrove Swamp Forest Reserve	0	0	0
Buyong Beach (Maribago, Mactan) TZMR	1978	0	0
Masopelid Island Marine Swamp Forest Reserve	0	0	0
Bacong River up to Sandoval Point (Tayabas Bay, Quezon)	0	0	0
Paratong Fish Sanctuary	0	0	0
Cabangtalan Fish Sanctuary	0	0	0
Dadalaquiten Sur Fish Sanctuary	0	0	0
Katipunan Fish Sanctuary	0	0	0
Marine Turtle Sanctuary (Pawikan Conservation Center)	2001	0	0
Bongabong Marine Protected Area	0	0	0
Matampay Bucana Fish Sanctuary	2007	0	0
Raw-an Fish Sanctuary	2011	0	0
Brgy. Calutcot Fish Sanctuary	2000	0	0
Angol Point Reef	2001	0	0
Paraoir Fish Sanctuary	2004	0	0
Bagac Marine Protected Area	2012	0	0
Taritien Marine Protected Area	2006	0	0
Barosbos Marine Protected Area	2012	0	0
Carmencita Shoal	2012	0	0
Bayabas Marine Fish Sanctuary	2015	0	0
Cugman Marine Fish Sanctuary	2015	0	0
Gusa Marine Fish Sanctuary	2004	0	0
Lapasan Marine Fish Sanctuary	2015	0	0
Puerto Marine Fish Sanctuary	2015	0	0
Tablon Marine Fish Sanctuary	2015	0	0
Municipal Marine Sanctuary (Napti Island)	2003	0	0
Rosario Marine Protected Area	2013	0	0
Mabuhay Marine Park Sanctuary	2012	0	0
Halian Island MPA	2008	0	0
Decalve Strict Protection Zone	0	0	0
Minugbay-Malbato-Tagpi Marine Protected Area	0	0	0
Pical Marine Protected Area	0	0	0
San Agustin Marine Sanctuary	0	0	0
Maricaban Marine Sanctuary	0	0	0
Talisay Marine Sanctuary	0	0	0
Talisay Fish Sanctuary	0	0	0
Bacong Fish Sanctuary	0	0	0
Bogo Marine Sanctuary	2006	0	0
Bonbonon Marine Sanctuary	2006	0	0
Tilmobo Marine Sanctuary	1993	0	0
Sagisi Marine Sanctuary	0	0	0
Mahanay Fish Sanctuary	0	0	0
Mahaba Marine Sanctuary	0	0	0
Poblacion Fish Sanctuary	0	0	0
Masiga Marine Turtle Preservation Area	2013	0	0
Tambisaan and Crocodile Reef	2001	0	0
Tulubhan Reef	2001	0	0
Ilig-iligan Reef	2001	0	0
Balinghai Reef	2001	0	0
Coral Garden	2001	0	0
Punta Bunga Reef	2009	0	0
Bunyugan Reef	2009	0	0
Sa-id Reef	2001	0	0
Lapus-lapus Reef	2001	0	0
Malatgao Mangrove Protected Area	1	0	0
Lolo Bay MPA Seagrass Core Zone	1	0	0
Mantaquin Bay MPA Seagrass Cove	1	0	0
Catmon Fish Sanctuary	2003	0	0
Sambawan Marine Reserve	1997	0	0
Jamorawon Fish Sanctuary	2006	0	0
Busali Shell Sanctuary	2010	0	0
Pinamihagan Fish Sanctuary	2009	0	0
Villa Felipa Marine Sanctuary	1999	0.03	0
Twin Island Marine Reserve	1994	0.05	0
Allegria Sea Turtle Habitat	2008	0.5	0
Panukulan Fish Sanctuary 1	0	0.53	0
Panukulan Fishing Ground Rehabilitation Project	0	0.87	0
Underwater Paradise (Brgy. Sablayan)	0	0.988	0
Mag- C Marine Protected Area	2000	1	1
Cabungon Marine Reserve	2003	1	1
Poblacion II AR Project	0	1	0
Baybay Artificial Reef Project	0	1	0
Salaman Seagrass Sanctuary	0	1	0
Bato Artificial Reef Project	0	1	0
Tolibao Artificial Reef Project	0	1	0
Naugisan Fish Sanctuary/ Fish Reserve	1994	1	0
Malinao Marine Sanctuary	2001	1	0
Benolho Artificial Reef Project	0	1	0
Tilmobo Marine Sanctuary	2006	1	0
Catugasan Marine Sanctuary	2001	1	0
Matalom Artificial Reef Complex	0	1	0
Lawaan Marine Turtle Sanctuary	1998	1	0
Sanlangan Marine Sanctuary	1994	1	0
Camflora Fish Sanctuary	0	1	0
Guindaunan East Fish Sanctuary	1994	1	0
Blasdiot Fish Sanctuary	2001	1	0
Culasi Artificial Reef Project	0	1	0
Magbagacay Seagrass Marine Reserve	2002	1	0
Marine Turtle Nesting Ground	0	1	0
Guinadiongan Artificial Reef Project	0	1	0
Old Cawayan Artificial Reef Project	0	1	0
Brgy. Tagda Coastal Tree Park	0	1	0
Talisay Fish Sanctuary	2006	1	0
Tingib Marine Sanctuary	1997	1	0
Bonkokan Ubos Marine Sanctuary	2001	1	0
Balud Artificial Reef Project	0	1	0
Poblacion I AR Project	0	1	0
Canmangao Fish Sanctuary	1993	1	0
Malibago Seagrass Marine Reserve	2002	1	0
Sta. Cruz Artificial Reef Project	0	1	0
Nagsulay Marine Sanctuary	1999	1	0
Karaang Banwa MPA	2000	1	0
Balingasay River MPA	2016	1	1
Samahan ng Mangingisda at Magsasaka para sa Kalikasan - MPA	2016	1	1
Samahan ng Mangingisda at Magsasaka para sa Pangangalaga ng Kalikasan - Mangrove	2005	1	1
Arnedo Marine Protected Area (Mangrove)	2016	1	1
Victory Mangrove Reforestation	2016	1	1
Exotic Island Fish Sanctuary	1997	1	1
Haines Island Fish Sanctuary	1997	1	1
Poblacion Marine Sanctuary	2001	1	0
Jinalinan Sanctuary	2002	1.01	0
Sua Fish Sanctuary and Marine Reserve	2002	1.3	0
Bonbon Fish Sanctuary and Marine Reserve	2002	1.36	0
Brgy. Kawit Or. Marine Sanctuary	0	1.5	0
Katambak Mini Sanctuary	2000	1.5	0
Mapatag Marine Sanctuary	1999	1.75	0
Pagkilatan Fishery Reserve	2005	1.79	0
Ondol Seagrass Sanctuary	2000	1.8	0
Banawon Marine Sanctuary	1999	1.95	0
Sunken Island Marine Reserve and Sanctuary	2004	2	1
Mag-aba Marine Sanctuary	1997	2	1
Katumanan Mini Sanctuary	1999	2	0
Maujo - Juangon Fish Sanctuary	1998	2	0
Lower Loboc Fish/Shellfish Sanctuary	0	2	0
Catiil Island & Tabong Dio Island Municipal Fish Sanctuaries	0	2	0
Malatugawi Island MPA	0	2	0
Marangog Marine Sanctuary	2006	2	0
Paon Artificial Reef Project	0	2	0
Idiacacan Marine Sanctuary	1998	2	0
Igdalaguit Municipal Fish Sanctuary	1997	2	0
Nocnocan Marine Sanctuary	1997	2	0
Pangpang & Panas Mangrove Forest Reserve	0	2	0
Himokilan Marine Protected Area	2010	2	0
Pulo Fish Sanctuary	2002	2	0
Rupagan Fish Sanctuary	2007	2	0
Binlanan Marine Protected Area	2002	2.1	0
Dive and Trek Fish Sanctuary	1995	2.2	0
Frog Fish MPA	2002	2.21	0
North Lipayo Marine Reserve	2000	2.21	0
Lagundi Reef Marine Protected Area	2005	2.4	0
Batalang Bato Marine Sanctuary	2002	2.5	0
Biasong Marine Sanctuary	1994	2.5	0
Sta. Maria Marine Sanctuary	0	2.5	0
Brgy. San Jose Artificial Coral Reef	1995	2.5	0
Brgy. Manlangit Libod/Dilis culture	1995	2.5	0
Himbangan Fish Sanctuary	2000	2.5	0
Balong-balong - Cogon Marine Sanctuary	0	2.5	0
Hindag-an Fish Sanctuary	2000	2.5	0
Looc Marine Sanctuary	1998	2.513	0
Taklobo Farm Marine Protected Area	1989	2.55	0
Libaong Marine Protected Area	2005	2.55	0
Naba Marine Sanctuary	1999	2.7	0
Duka Fish Sanctuary	0	2.7	0
Marine Reserve	2005	2.8	0
Ghost Pipe and Sea Horse MPA	2005	2.854	0
Abiera Fish Sanctuary	1998	2.95	1
Compol Marine Protected Area	2011	2.99	0
Balabagon Fish Sanctuary	2007	3	0
Concepcion Norte FS	2007	3	0
San Alonzo Marine Sanctuary	2002	3	0
Tugas Marine Reserve	0	3	0
Timba - Santo Nino Fish Sanctuary	1996	3	0
Talaongan Marine Sanctuary	2008	3	0
Hermano Fish Sanctuary	2005	3	0
Cagduyong Fish Sanctuary & Marine Reserve	0	3	0
Patria Marine Sanctuary	1997	3	0
Bucana Fish Sanctuary	0	3	0
Mantangale Marine Sanctuary	1994	3	0
Buenavista Fish Sanctuary	0	3	0
Brgy. Pantalan Libod/Dilis culture	1995	3	0
Kulasihan Fish Sanctuary/Marine Reserve	0	3	0
Cagdongas Fish Sanctuary & Marine Reserve	0	3	0
Bagacay Marine Sanctuary	1996	3	0
Punta Fish Sanctuary	1994	3	0
Lawigan Marine Protected Area	2011	3.01	0
Tawala Marine Sanctuary	1998	3.18	0
Nahulid Marine Sanctuary	2001	3.2	0
Soft Coral Garden Reef (Alad Is.)	0	3.383	0
Balicasag Island Fish Sanctuary	1999	3.44	0
Madua Norte Marine Sanctuary	1999	3.47	0
Lipanto Fish Sanctuary	1996	3.5	0
Canigao Island Fish Sanctuary	1992	3.5	0
Takot Reef Marine Protected Area	2004	3.53	0
Lipata I Marine Protected Area	2006	3.6	0
Nausok Marine Sanctuary	2001	3.635	0
Funda-guintas Marine Sanctuary	1999	3.65	0
Lunas Acropora Park	0	3.684	0
Bunga Mar Marine Sanctuary	1998	3.79	0
Tawing-tawing Reef Sanctuary	2005	3.822	19.775
Santos Reef Fish Sanctuary	2005	3.845	19.2
Bob Reef Sanctuary	2005	3.845	19.2
Alga Marine Protected Area	2011	3.85	0
Minoyho Marine Reserve	2012	3.86	0
Batonan Sur Fish Sanctuary	1996	3.868	0
Madua Sur Marine Sanctuary	1999	3.97	0
Balangiga Reef Fish Sanctuary (Paglalangnan Reef)	2003	4	1
Oro Marine Reserve	2008	4	0
Mambayaan Fish Sanctuary	2006	4	0
Dakit-Dakit Marine Sanctuary	0	4	0
Gigantangan Island Tourist Zone and Marine Reserve	1978	4	0
Kibila Marine Sanctuary (Brgy. Cantaan)	2001	4	0
Santa Sofia Fish Sanctuary	2005	4	0
Dampias Fish Sanctuary	2006	4	0
Mobod Fish/Shellfish Sanctuary	0	4	0
Sn. Vicente Bajo Fish/Shellfish Sanctuary	0	4	0
Motag Marine Sanctuary	2005	4	0
Timba - Benit Fish Sanctuary	0	4	0
Payao Fish Sanctuary & Marine Reserve	1997	4	0
Lungsodaan Fish Sanctuary	2005	4	0
Las Salinas Sur Marine Sanctuary	2003	4	0
Timba Fish Sanctuary and Marine Reserve	2002	4	0
Agay-ay Fish Sanctuary and Marine Reserve	2002	4	0
New Barbacan MPA	2014	4	504.63
Corangon Marine Fishery Reserve & Sanctuary	2002	4.04	1
Lipata Fish Sanctuary	1997	4.0425	0
San Roque Marine Sanctuary	2001	4.06	0
Binaobao Marine Sanctuary	2003	4.064	0
Guinsularan Marine Sanctuary	2003	4.09	0
Nonoc Marine Protected Area	1996	4.13	0
Basdiot Fish Sanctuary	1998	4.17	0
Nemo/Clown Fish MPA	2000	4.2	0
Bahura Marine Reserve	2005	4.21	0
Cautod Fish Sanctuary	2005	4.4	0
Pilar Mangrove Protected Area	1997	4.5	0
Digyo Marine Sanctuary	1995	4.5	0
Gibitngil Marine Sanctuary	2004	4.5	0
Can-unzo Marine Reserve Area	1998	4.5	0
Agutayan Island MPA	1997	4.5	0
Pescador Island Marine Sanctuary	1996	4.5	0
Tangaro Marine Protected Area	2011	4.55	0
Jandayan Sur Fish Refuge and Sanctuary	2002	4.65	0
Tagusao-Sowangan Marine Protected Area	2012	4.7	45388.62
Tagusao-Sowangan Marine Protected Area	2012	4.7	45388.62
Catarman Marine Sanctuary	2000	4.74	0
Victory Marine Protected Area	2002	4.8	0
San Isidro Fish Sanctuary	2003	4.8	0
Camboang Marine Sanctuary	1997	4.82	0
Bagasbas Marine Protected Area	0	5	1
Barusbus Marine Sanctuary	1999	5	1
Bulanao Marine Sanctuary	2001	5	1
San Roque Marine Sanctuary	1999	5	1
Animasola Is.	0	5	0
Patnongon Fish Refuge and Sanctuary	2005	5	0
Kalamansing Fish Sanctuary	0	5	0
Brgy. Nipa Libod/Dilis culture	1995	5	0
Lutao Reef Marine Sanctuary Reserve & Laboratory	0	5	0
Mansud Wall Marine Protected Area	2001	5	0
Palimbang Fish Sanctuary	0	5	0
Dulapo Fish/Shellfish Sanctuary	0	5	0
Halabangbaybay Is.	0	5	0
Magcasongyao Fish Sanctuary & Marine Reserve	0	5	0
Mauswagon MPA	2008	5	0
Poblacion Marine Reserve	1994	5	0
7 Ayud facing Mactan Island	0	5	0
Baybay Molocboloc Fish Sanctuary	2006	5	0
Bancal Bay Fish Sanctuary	1996	5	0
Albaguen Island Fish Sanctuary	1997	5	0
Brgy. Poblacion Fish Sanctuary	2006	5	0
Poblacion (Tibiao) Reef Reserve	1993	5	0
Banban-Luyang Marine Protected Area	2007	5	0
Kinabuga-an Point Fish Sanctuary	1997	5	0
Casay Fish Sanctuary and Marine Park	2002	5	0
Tuble Fish Sanctuary	2006	5	0
Brgy. Tagda Municipal Mangrove Forest Reserve	0	5	0
Punta & Abuyon Fish Sanctuary	0	5	0
Botigues Marine Sanctuary	1999	5	0
Sto. Domingo Fish Sanctuary	2005	5	0
Cawit Marine Reserve	2011	5	0
Pamilacan Coral Garden	2008	5	0
Guiwanon - Santa Cruz Marine Protected Area	2008	5	0
Taguihon Bamboo Reef	2008	5	0
Bin-de Fish Sanctuary	2007	5	0
Baigad Marine Sanctuary	2006	5.01	0
Mogpog Community Marine Reserve	2006	5.07	253.5
Sagahan Marine Protected Area (Campanoy Reef)	2012	5.1	0
Biking Marine Sanctuary	2005	5.25	0
Calubian Fish Sanctuary	1997	5.28	0
Opol Marine Sanctuary	2002	5.3	0
Looc Fish Sanctuary	2003	5.35	0
Dampias-Mosangot Marine Sanctuary	2005	5.4	0
Bolod Fish Sanctuary	1998	5.42	0
Dolores Marine Fisheries Haven	2014	5.49	35.32
Catbawan - Dan-an Fish Sanctuary	1999	5.5	0
Brgy. 25 Municipal Waters	0	5.5	0
Poblacion Marine Protected Area	2011	5.52	0
Santa Filomena Marine Sanctuary	1994	5.62	0
Magkalagom Marine Protected Area	2002	5.6831	0
Pajo Marine Sanctuary	2003	5.76	1
Pucio Marine Sanctuary	2000	5.76	1
Union Marine Sanctuary	1999	5.76	1
Naatang Marine Sanctuary	2002	5.8074	0
Canimog Fish Sanctuary	2010	5.887	1
Buntis Marine Sanctuary	2000	5.97	0
Agnipa Acropora Garden	0	5.975	0
Balaas Marine Reserve	2002	6	0
Masaplod Sur Marine Reserve	2001	6	0
Burnay Marine Sanctuary	2006	6	0
Yellow Snapper MPA	2002	6	0
Bugatusan Wilderness Area	0	6	0
Pinol Fish Sanctuary	0	6	0
Blue Spotted Whale - Stingray Marine Reserve	1997	6	0
Polo Marine Reserve	1998	6	0
Lajog Marine Sanctuary	2002	6	0
Malusay Marine Reserve	1996	6	0
Hagdan Marine Sanctuary	2008	6	0
Punta Reef Riverside Fish Sanctuary	2002	6	0
Hilaitan Marine Reserve	1996	6	0
Masaplod Norte Marine Reserve	1994	6	0
Calero Marine Sanctuary	2006	6	0
Cangmating Marine Reserve	1997	6	0
Tangkaan Fish Sanctuary	2005	6	0
Agan-an Marine Reserve	1999	6	0
Lapinig Marine Sanctuary	1998	6	0
Lion Fish Marine Protected Area	2002	6	0
Artajo Marine Sanctuary	2000	6	0
Mago-ong Samburon Marine Protected Area	2010	6	0
Sinisian East MPA	2008	6.2	0
Maite Marine Protected Area	2009	6.3	0
Binabalasan Island Marine Sanctuary	2006	6.35	0
Montaneza MPA	2007	6.358	0
Andulay Marine Reserve	1994	6.4	0
Lewing Fish Sanctuary	2005	6.4	1
Punta Fuego Marine Sanctuary	2009	6.45	0
Lamawan Pony Marine Protected Area	2003	6.5	0
Paliton Marine Protected Area	2008	6.5	0
Carenahan Fish Sanctuary and Fish Reserve	2003	6.567	0
Binatubo (Binaliwan) Marine Sanctuary	2001	6.567	0
Calayugan Norte Shell Garden and Fish Sanctuary	2002	6.57	0
Malatgao Fishery Reserve	1	6.59797	0
Cogon Norte Shell Garden and Fish Refuge and Sanctuary	1997	6.61	0
Ipil Marine Sanctuary	2002	6.65	0
Talayong  Marine Protected Area	2003	6.68	0
Sitio Nagubat Fish Sanctuary	2009	6.693	13.186
Bingag Marine Sanctuary	2003	6.7	0
Pangapasan Island Fish Sanctuary	1998	6.75	0
Napayong Marine Protected Area	2003	6.83	0
Cabugan Marine Reserve	1986	6.9	0
Dolores Marine Fisheries Haven	2014	6.96	0
Mabay, Maitum Fish Sanctuary	0	7	0
Tinangnan Marine Sanctuary	2009	7	0
Garrido Marine Reserve	2012	7.04	0
Maayong Tubig Marine Reserve	2000	7.129	0
Anibong Marine Sanctuary	2005	7.14	0
Alumar Marine Sanctuary	1996	7.3	0
Bulak Marine Reserve	2005	7.42	0
Barracuda MPA	2002	7.424	0
Canuba Marine Sanctuary	2002	7.483	0
Calatagan Mangrove Forest Conservation Park	2009	7.5	1
Apid Marine Sanctuary	1994	7.5	0
Tubod Marine Protected Area	1987	7.5	0
Limay Fish Sanctuary	2005	7.5	0
Babag Reef Sedentary Invertebrate Sanctuary	2007	7.5	0
Esperanza Fish Sanctuary	2007	7.5	0
Union Marine Sanctuary	0	7.6	0
Poblacion Marine Sanctuary	2009	7.63	0
Magbangon (Tinagan) Fish Sanctuary	1995	7.7	0
Batuan Fish Sanctuary	2003	7.71	0
Doljo Fish Sanctuary	1998	7.71	0
Catarman Marine sanctuary	1997	7.73	0
Bil-isan Fish Sanctuary	1998	7.758	0
Chico Island Wildlife Sanctuary	2000	7.77	0
Basak Marine Sanctuary	2006	7.8	0
San Francisco Fish Sanctuary	1996	7.8	0
Mahaba Marine Sanctuary	1994	7.8	0
Manlapo Reef Fish Sanctuary	2005	7.966	10.173
Bubuanan Marien Protected Area & Fish Sanctuary	2005	8	0
Canhawan Fish Sanctuary	2005	8	0
Maslog Marine Sanctuary	2003	8	0
Jaena Marine Sanctuary	0	8	0
Buayan MS	0	8	0
Monbon Marine Protected Area & Fish Sanctuary	2005	8	0
Guindacpan Marine Sanctuary	1995	8	0
Marisan Reef Fish Santuary & Marine Reserve	1998	8	0
Old Mahayag Fish Sanctuary & Marine Reserve	1998	8	0
Lucero Marine Protected Area	2004	8	0
Old Mahayag Protected Area & Fish Sanctuary	2005	8	0
Rama Marine Protected Area & Fish Sanctuary	2005	8	0
Iguid Fish Sanctuary & Marine Reserve	0	8	0
Liberty Marine Sanctuary	2002	8	0
Anilao Reserve Area for Seagrass and Brown Mussl	1997	8	0
Lutaon Reef Marine Protected Area & Fish Sanctuary	1996	8	0
Poblacion Marine Sanctuary	2012	8	0
Langub-San Roque Marine Sanctuary	2013	8	0
Danao Fish Sanctuary	1998	8.07	0
Saavedra Fish Sanctuary	1994	8.13	0
South Lipayo Marine Sanctuary	2005	8.2	0
Tonggusong-Maruwa Fish Sanctuary	2007	8.2	0
Lalag-Bato Marine Reserve	2003	8.23	0
Larapan Marine Sanctuary	2002	8.24	0
Luculan Shoal	2006	8.25	0
Sto. Nino Marine Rehabilitation Zone	2013	8.4	0
Balagawan Marine Protected Area	0	8.5	0
Bonbonon Marine Sanctuary	1995	8.6	0
Oslao Marine Fish Sanctuary	2009	8.6	0
Puro Island Fish Sanctuary	1998	8.73	0
Maac Fish Sanctuary	2006	8.75	0
Moog MPA	2010	8.75	0
Apuao Fish Sanctuary	2002	8.76	1
Mantigue Island Marine Sanctuary	2000	8.8	0
Bio-os ""Takot-Diot"" Marine Sanctuary	1999	8.87	17.3
Canhagdon Occidental Fish Refuge and Seagrass Sanctuary	2000	8.91	0
Carang Marine Reserve	2003	8.96	0
Arbor Marine Sanctuary	2002	9	0
Tanagan Marine Protected Area	1995	9	0
Manglit Marine Sanctuary	1997	9	0
Damayuhan Marine Sanctuary	1998	9	0
Puerto San Pedro Fish Sanctuary	1995	9	0
Poblacion Fish Sanctuary	1998	9	0
Tacub Fish Sanctuary	2010	9	0
Banban Fishery and Refuge Center	2001	9.03	0
Maasin City Fish Sanctuary	1995	9.09	0
Calusa Marine Sanctuary	2009	9.1	0
Sea Turtle Marine Protected Area	2000	9.17	0
Marble Reef	0	9.177	0
Poblacion Dicstrict 1 Marine Reserve	2000	9.1779	0
Sta. Cruz Sanctuary	2002	9.2	0
Tandayag Marine Sanctuary	1996	9.22	0
Tan-awan Marine Protected Area	2012	9.26	0
Mabaw Reef Marine Sanctuary	2006	9.288	0
Ubayon Marine Sanctuary	2000	9.3	0
Granada Marine Sanctuary	2002	9.35	0
Garza Fish Sanctuary and Refuge	2007	9.4	0
Bonbon Seagrass Sanctuary	2000	9.45	0
Kabug Marine Reserve	0	9.5	0
LUFFEA Mangrove Conservation	2005	9.5	1
Zaragosa Badian Island Marine Sanctuary	1987	9.6	0
Itum Marine Sanctuary	2003	9.73	0
Panghiawan Marine Protected Area	2011	9.77	0
Caniogan MPA	2001	9.8	0
Lawis Fish Sanctuary	2003	9.9	0
Ditangol Marine Sanctuary	2004	10	1
Taboc Marine Sanctuary	1999	10	1
Igdanlog Marine Protected Area	2011	10	1
Brgy. Buenavista Fish Sanctuary	0	10	0
Pooc Marine Sanctuary	2000	10	0
Bolusao Fish Sanctuary	2000	10	0
Pantudlan Fish Sanctuary	1999	10	0
San Jose Marine Reserve	1996	10	0
Lipakan Artificial Reef	0	10	0
Basdacu Fish Refuge and Sanctuary	2002	10	0
Canawan Artificial Reef	0	10	0
Lutoban Marine Reserve	2002	10	0
Libagong Fish Sanctuary	0	10	0
Capones Island Marine Protected Area	2011	10	0
Brgy. Dos Artificial Reef Fish Santuary	0	10	0
Bolisong Marine Sanctuary	1987	10	0
Canlawron Marine Refuge and Sanctuary	2005	10	0
Pinagbayangan, Guiniyangan Fish Sanctuary	0	10	0
East Ulbujan-West Ulbujan Marine Sanctuary	2001	10	0
Luyang Mangrove Reserve	1997	10	0
Caracol Fish Sanctuary	0	10	0
Pinanggala Fish Sanctuary	2001	10	0
Tubigan, Zarraga Coastal Resource Management	0	10	0
Cuasi Fish Refuge and Sanctuary	2001	10	0
Lawis Seagrass Sanctuary	2000	10	0
San Francisco Seagrass Reserve Area	0	10	0
Brgy. Pinantao Fish Sanctuary	0	10	0
Sondol Fish Sanctuary	1999	10	0
Pangi Marine Sanctuary	2008	10	0
Kilolorum Real Marine Sanctuary	1997	10	0
Lampinigan Island Marine Protected Area	2005	10	0
Patao Marine Sanctuary	1999	10	0
Calayugan Sur Fish Sanctuary	1997	10	0
Napantao Marine Sanctuary	1996	10	0
Hilantagaan Daku Fish Sanctuary (Dakong Baybay Fish Sanctuary)	1998	10	0
Balagbag Reef Fish Sanctuary	2005	10	0
Polo Bato MPA	1998	10	0
Pangalaycayan Marine Sanctuary	2008	10	10
Alang-alang Marine Sanctuary	2000	10	0
Domolog Marine Reserve	2003	10	0
Brgy. Jordan Fish Sanctuary	0	10	0
Corte-Baud Marine Sanctuary	2002	10	0
Tanauan Fish Sanctuary	2005	10	0
Tabero Marine Reserve	2004	10	0
Tabugon Marine Reserve	1996	10	0
Bantigue Marine Sanctuary	1999	10	0
Biasong Fish Sanctuary	1996	10	0
Dongon and Tamparan Fish Sanctuary	0	10	0
Pangubaan Reef Fish Sanctuary	1998	10	0
Otikon Marine Sanctuary	1994	10	0
Sta. Brigida Fish Sanctuary	0	10	0
Salag Marine Reserve	2001	10	0
Casama Fish Sanctuary	2005	10	0
Silangang Kalutan Fish Sanctuary	2001	10	0
Doong Marine Sanctuary	1999	10	0
Cawayan Marine Park & Sanctuary	2006	10	0
N. Zabala/Balbaguenan and Pangadlawan Reef	2013	10	0
Guinosayan Reef Fish Sanctuary	2001	10	0
Bacong Artificial Reef	0	10	0
Lower Lasang Fish Sanctuary	0	10	0
Luyong-Baybay Marine Sanctuary	1997	10	0
Borot Fish Sanctuary	1998	10	0
Bahurang Malapad-Silag Reef Marine Reserve	2002	10	20
Karihatag Marine Fish Sanctuary	2009	10	0
Cagtinae Marine Sanctuary	2011	10	0
Kabasalan Marine Protected Area	2012	10	3
Binabalian Marine Protected Area	2005	10	1
Tugas Marine Sanctuary	2002	10	0
Santa Paz Fish Sanctuary	2010	10	0
Punta Fish Sanctuary	2009	10	0
Poblacion-Tugar Fish Sanctuary	2010	10	0
Tacasan Fish Sanctuary	2002	10	14
Tacasan Fish Sanctuary	2002	10	14
Tacasan Fish Sanctuary	2002	10	0
Guiwanon-Punta Cruz Marine Sanctuary	1995	10.05	0
Bontoc Fish Sanctuary	2009	10.1	0
Sto. Nino Seagrass Sanctuary	2000	10.1	0
Gosoon Fish Sanctuary	2003	10.11	0
Malaga Marine Reserve	1996	10.257	0
Banilad-Guinapangan Fish Sanctuary	2010	10.28136381	0
Tabunan Marine Sanctuary	2004	10.31	0
Pig-ot Shell Garden and Marine Sanctuary	2000	10.32	0
Poblacion Marine Protected Area	2005	10.32	0
Tugas Marine Sanctuary	2008	10.35	0
Legaspi Marine Sanctuary	2002	10.35	0
Banilad-Simborio Fish Sanctuary	2010	10.40805277	0
Lingsat Marine Protected Area	2012	10.43	70.57
Madangog Fish Sanctuary	2003	10.45	0
Pasil Marine Sanctuary	2002	10.45	0
Tag-ulo Marine Reserve	2003	10.48	0
Jagoliao Fish Refuge and Sanctuary	1998	10.5	0
Bilang-Bilangan Fish Sanctuary	1999	10.5	0
MARIKABAN Marine Protected Area	2004	10.5	0
Linusotan Coral Garden and Marine Park	2001	10.5	11.07
Pasiagan Fish Sanctuary	2009	10.55	0
Libas Marine Sanctuary	2004	10.595	0
Bantiguian Marine Sanctuary	2004	10.6	0
Sidlakan Marine Sanctuary	2004	10.6	0
Alejawan Marine Sanctuary	1999	10.67	0
Madridejos Marine Sanctuary	1994	10.78	0
Ilog Malino Marine Protected Area	2007	10.8	0
Patar Marine Sanctuary	2005	10.8	0
Estanza Marine Protected Area	2005	10.8	0
Glan Padidu Marine Protected Area	2000	10.86	0
Caubang Marine Reserve	2014	10.88	0
Hugom Marine Protected Area	1999	11	0
Sta Ana Marine Protected Area	1995	11	0
Gumasa Fish Sanctuary	0	11	0
Kabiling Tupsan Fish Sanctuary	2003	11	0
Dao-San Isidro Marine Sanctuary	2002	11	0
Haya-an Islet Wilderness Area	0	11	0
San Fernando Marine Sanctuary	2014	11	22
Pio del Pilar Fish Sanctuary	2002	11.02	0
Calunangan-Benabaye Fish Sanctuary	0	11.04	0
Burason Fish Sanctuary	2012	11.18	0
Cogon Fish Sanctuary	2003	11.25	0
Sawang Marine Sanctuary	2005	11.34	0
Santa Filomena (Sta. Fe) Marine Sanctuary	2002	11.5251	0
Banquil Marine Reserve Area	1996	11.55	0
Mantampok Islet Marine Sanctuary	2003	11.6	1
Candugay Marine Protected Area	2014	11.6	0
Sumaclob Reef Fish Sanctuary	2010	11.67	0
Pagbilao Fish Sanctuary	0	11.7865	0
Pambato Reef Marine Sanctuary	2008	11.79	0
Guinob-an Marine Reserve and Fish Sanctuary	1994	11.8	1
Cabacongan Fish Sanctuary	1997	11.8	0
Pamilacan Island Fish Sanctuary	1986	11.9	0
Tinigbas Marine Sanctuary	1998	12	1
Magluto Reef	2010	12	1
Cabog, Kapatan Fish Sanctuary	2000	12	0
Pagatban Lampirong Reserve	2003	12	0
Talaga Marine Sanctuary	2003	12	0
Brgy. Sugod Artificial Coral Reef	1995	12	0
Ginablan Marine Sanctuary	2003	12	0
Cangmunag Marine Sanctuary	2010	12	0
Bogo Marine Sanctuary	2002	12	0
Bacutan Reef Fish Sanctuary (Brgy. Astorga)	2003	12	0
Olivo Marine Sanctuary	2000	12	0
Sto. Nino Fish Sanctuary	2001	12	0
Tulic Marine Sanctuary	2002	12	0
Bulasa Marine Sanctuary	2003	12	0
Casay Marine Sanctuary	2003	12	0
Poblacion FS	2002	12	0
Binlod Marine Sanctuary	2003	12	0
Balud - Consolacion Marine Park and Sanctuary	2002	12	0
Talo-ot Marine Sanctuary	2003	12	0
Langtad Marine Sanctuary	2002	12	0
Kapatan Marine Protected Area	1996	12	0
Rizal Fisher-folk Marine Protected Area	2009	12	0
Banot Island Reef Fish Sanctuary	2016	12	0
Ginatilan Marine Sanctuary	2006	12.01	0
Taculing - Canmalalag  Marine Protected Area	1988	12.13	0
Agtongo's Rock (Brgy. Agtongo)	0	12.172	0
Guiwanon Marine Protected Area	2013	12.2	0
Minolos Marine Protected Area	2013	12.2	0
Maraag Marine Sanctuary	2001	12.26	0
Canlucani Marine Reserve	2003	12.28	0
Napo Marine Reserve	2003	12.28	0
Guimputlan Marine Reserve	2003	12.28	0
Banbanan Marine Reserve	2003	12.46	0
Tuboran Marine Sanctuary	2000	12.5	0
Gawi Marine Sanctuary	2002	12.54	0
Pagatpatan Fish Sanctuary	2001	12.58	0
Siocon Marine Sanctuary	2003	12.6	0
Macaas Marine Sanctuary	1999	12.7	0
Guiwanon Marine Sanctuary	2000	12.82	0
Magting Marine Sanctuary	2005	12.84	0
Bangcogon Marine Protected Area	2005	12.93	0
Onse Reef Fish Sanctuary	2006	12.96	0
Ilijan Fishery Refuge and Sanctuary	2011	12.97	0
Bulaklakin Reef Fish Sanctuary	2005	13	0
Cagangohan Fish Sanctuary	2003	13	40
Tangaran Seagrass and Shell Garden	2001	13	0
San Antonio Fish Sanctuary	1996	13	0
Mandarin MPA	2002	13	0
Batong Lakay	2003	13	0
Tandol Reef Fish Sanctuary	0	13.12	0
Carot Fish Sanctuary	1999	13.3	0
Gaus II Marine sanctuary	2006	13.3	0
Colase Marine Sanctuary	2002	13.32	0
Sandugan Marine Protected Area	2003	13.38	0
Tangnan Marine Sanctuary	2000	13.42	0
Lipayran Marine Sanctuary	1999	13.44	0
Tahud Marine Sanctuary	0	13.5	0
Caticugan Marine Sanctuary	2003	13.51	0
Guinacot Marine Sanctuary	2002	13.7	0
Manapag Reef Sanctuary	2006	13.7196	1
Mercedes Marine Protected Area	0	13.75	0
Dinagsaan Marine Protected Area	2015	13.77	0
Catibac Marine Protected Area	2011	13.83	0
Sta. Theresa Fish Sanctuary	2013	13.9	0
Pinagdakutan Santelmo Marine Sanctuary	2009	13.93	0
Lucatan Fish Sanctuary	2005	13.97	0
Talangnan Fish Sanctuary	1998	14	0
Cantapoy Marine Sanctuary	2001	14	0
Payak Fish Sanctuary	2001	14	0
Pagsangahan Fish Sanctuary	2003	14	0
Cuaming Marine Protected Area	2005	14	0
San Felipe Marine Protected Area	2011	14	25
Bagumbayan Fish Sanctuary	2010	14	0
Hambongan Marine Protected Area	1999	14.1	0
Mabaw Reef Marine Protected Area	2008	14.1	0
Brgy. San Juan Marine Protected Area	2005	14.1	102
Pulong Bato Fishery Refuge and Sanctuary	2002	14.13	0
U-og Marine Sanctuary	2000	14.14	0
Santo Ni√±o-Looc Marine Sanctuary	1998	14.18	0
Paglalangan Marine Sanctuary	2003	14.2	0
Cuaming Fish Sanctuary	1999	14.25	0
Pili Fish Sanctuary	2010	14.39	0
Tinago Fish Sanctuary	2005	14.5	0
Campuyo Marine Sanctuary	1994	14.5	0
Biatongan Reef Fish Sanctuary	1996	14.6	0
Minalulan Shell and Fish Sanctuary	2003	14.63	0
Kingfisher Fishery Reserve	2013	14.66	33
Pong-oy Marine Reserve	2012	14.66	0
Lio Reef (Brgy. Lio)	0	14.727	0
Brgy Johnson Island Marine Protected Area (BJIMPA)	2007	14.76	1514.76
Tumakin Gamay Og Tunakin Dako Marine Sanctuary	1996	14.8	0
Magsaysay MPA	2001	14.8	0
Tondol MPA	2001	14.8	0
Burias Shoal	2015	14.8	0
Gilutongan Island Marine Sanctuary & TZMR	1999	14.89	0
Baybay Kawas Fish Sanctuary	1999	15	0
Awaan Marine Sanctuary	2005	15	0
San Antonio Marine Sanctuary	2002	15	0
Tarong Fish Sanctuary Marine Park and Fishery Reserve	2003	15	0
Alabel Fish Sanctuary	1999	15	0
Langub Marine Sanctuary	2007	15	0
Sagasa Marine Sanctuary	2002	15	0
Cawayan Fish Sanctuary	2002	15	0
Buenavista Fish Sanctuary	2005	15	0
Cabulijan Marine Sanctuary	2002	15	0
Cabulotan Marine Reserve	1993	15	0
Paroyhog FS	2002	15	0
Benolho Fish Sanctuary	1993	15	0
Minalongan Island Fish Sanctuary and Breeding Area	0	15	0
Matutinao Marine Sanctuary	2003	15	0
Talahid, San Pedro Mud Crab Breeding Station	0	15	0
Anibong Marine Reserve	2008	15	0
Burias Marine Protected Area	1996	15	0
Poblacion Marine Protected Area	2006	15	0
Tagcatong Fish Sanctuary	2003	15	0
Bagongbayan Fish Sanctuary and Fishery Reserve	2009	15	10
Bagongbayan Fish Sanctuary and Fishery Reserve	2009	15	10
Agnay Reef	0	15.08	0
Tiguib Marine Reserve	2005	15.14	0
Pangdan Marine Sanctuary	2001	15.2	0
Bancasan Fish and Marine Sanctuary	2002	15.25	0
Okoy Marine Reserve	2004	15.27	0
Nagubat Marine Fish Sanctuary	2009	15.29	0
San Nicolas MPA	2014	15.31	1162.85
Taradungan MPA	2014	15.31	1162.85
Sillon Marine Sanctuary	2006	15.36	0
Cathedral Rock Marine Sanctuary	1991	15.39	0
Manga Fish Sanctuary	2001	15.45	0
Daan Lungsod Marine Sanctuary	2000	15.48	0
Calag-itan Fish Sanctuary	2000	15.5	0
Tabalong Marine Sanctuary	2003	15.52	0
Anas Fish Sanctuary	2003	15.62	0
Nahawan Seagrass Sanctuary	2002	15.83	0
Barili Marine Protected Area	2001	15.9	0
Song-On Fish Refuge and Sanctuary	1999	15.99	0
Plaridel Marine Sanctuary	2005	16	0
Motiong Fish Sanctuary	1998	16	0
Pondol Marine Sanctuary	0	16	0
Inanuran Islet Wilderness Area	0	16	0
Taisao Rocks Fish Sanctuary	0	16	0
Libertad Marine Sanctuary	2006	16	0
Sudmon Fish Sanctuary	2003	16	0
Kodia Marine Protected Area	2016	16.17	5.2
Cantagay Marine Sanctuary	2002	16.21	0
Balcon Marine Protected Area for Marine Life	2012	16.25	0
Nalayag Point Fishery Refuge and Sanctuary	2002	16.26	0
Baol Island Marine Reserve	2006	16.32	0
Masaguing Fish Sanctuary	2010	16.39	0
Ranzo Fish Sanctuary	2006	16.39	0
Canigaran Fish Sanctuary	1998	16.47	1
Kan-ugaw Reef (Logbon Is.)	0	16.596	0
Poblacion Fishery Reserve, Refuge and Sanctuary	2008	16.6	0
Medano White Island Marine Fish Sanctuary	2000	16.67	0
Brgy. Kuguita Marine/Fish Sanctuary	2005	16.67	0
Biri-Magtutuka Island Fish Sanctuary	2002	16.69	0
Sawang-Olo Olo Fish Sanctuary and Refuge	2001	16.74	0
Barra Fish Sanctuary	2003	16.75	0
Casimon Marine Sanctuary	2001	17	0
Tampocon I Marine Reserve	2005	17	0
Tres Islas Marine Sanctuary	1994	17	0
Arnedo Marine Sanctuary	1999	17	1
Antol Fish Sanctuary	2006	17	0
Lipasana Fish Sanctuary	2005	17.051	0
Batad Marine Reserve	2001	17.23	0
Busalian Marine Protected Area	2007	17.39	0
Talisay Fish Sanctuary	1995	17.45	0
Mabini Fish Sanctuary	1995	17.5	0
Caringo Fish Sanctuary	2002	17.703	1
Cantumangpad Marine Sanctuary and Reserve	1990	17.72	0
Pt. Dapog to Pt. Gigoso Fish Breeding Sanctuary	1991	17.72	0
Mandalukon Marine Reserve	1995	17.72	0
Independencia Fish Sanctuary	1998	17.8	0
Puerto Galera Mangrove Conservation and Ecotourism Area	2015	17.8	0
Arthur's Rock Marine Sanctuary	1991	17.98	0
Santiago Marine Protected Area	2006	18	1
Mawodpawod Fish Sanctuary	0	18	0
Cabungan Fish Sanctuary	1999	18	0
Malbago Fish Sanctuary	2002	18	0
Tayong Oriental Marine Sanctuary	2003	18	0
Calumbuyan (Sogod) Fish Sanctuary	1996	18	0
Mansalay (B. Del Mundo) Fish Sanctuary	2007	18	0
Malabugas Lampirong Reserve	2003	18	0
Pontoron Reef Fish Sanctuary	2001	18	0
Libertad Fish Sanctuary	1995	18	0
Bonbon Island Marine Sanctuary	2000	18	0
Pasil (Kawasihan) Reef Marine Sanctuary	2001	18	0
Islands of Majaba & Napayauan	0	18	0
Basdio Marine Sanctuary	2002	18.04	0
Sabang Fish Sanctuary	2000	18.13	0
Kapid Reef Sanctuary	2005	18.144	0
Quinapaguian Fish Sanctuary	2002	18.27	1
Bacuag Marine Protected Area	2007	18.42	0
Bilasonan Og Bitaong Marine Sanctuary	1996	18.5	0
Magay Marine Sanctuary	2005	18.5	0
Pulang Yuta Marine Sanctuary	2001	18.55	0
Vinapor Fish Sanctuary	2003	18.57	0
Santiago Marine Sanctuary	2006	18.592	0
Magtongtong Fish Sanctuary	1996	18.62	0
Bantigue Island Marine Sanctuary	2005	18.9	0
Centro Marine Sanctuary	2005	19	0
San Miguel Fish Sanctuary	0	19	0
Barugo Fish Sanctuary	1991	19	0
Budlanan Island Wilderness Area	0	19	0
Agoho Marine Fish Sanctuary	2000	19	0
Panga Wilderness Area	0	19	0
Lagoma Fish Sanctuary	2000	19	0
Poblacion Fish Sanctuary	2007	19	0
Maasin Fish Sanctuary	2014	19.06	0
Minombonan Reef and Fish Sanctuary	1996	19.2	0
Binangalan Reef Fish Sanctuary	2006	19.2	0
Jovellar MPA	0	19.4	0
Mahaba Island Mangrove Swamp Forest Reserve /Fish Sanctuary	1999	19.5	0
Kabaisan Marine Protected Area	2012	19.67	0
Chavayan Marine Protected Area	0	19.698	0
Kantabugon Marine Protected Area	2007	19.719	0
Pandong Bato Marine Sanctuary (Brgy. Puente)	1997	19.8	0
Liloan Marine Sanctuary	1993	19.8	0
Cataban Fish Sanctuary	1996	19.85	0
Antipuluan-Taritien Fish Sanctuary	2005	19.954	0
Magallanes Municipal Fish/ Marine Sanctuary	2002	20	21
Bolusao Fish Sanctuary	2000	20	1
Bolusao Fish Sanctuary	2009	20	1
Lout Offshore Reef Marine Sanctuary	2006	20	0
Baybay Lun Padidu Offshore Reef Marine Sanctuary	2006	20	0
Bacayawan Marine Protected Area	2006	20	0
Bibilic Marine Sanctuary	2003	20	0
Calatagan Mangrove Rehabilitation and Nursery Project	2010	20	0
Macabug Fish Sanctuary	2001	20	0
Hingotanan West Marine Sanctuary	2002	20	0
San Juan Fish Sanctuary	2003	20	0
Cagsiay Fish Sanctuary	2005	20	0
Malingin Fish Sanctuary	1994	20	0
Baod Fish Sanctuary	1999	20	0
Pasitagan Sulangon Marine Sanctuary	1999	20	0
Brgy. Maono-Pausod Artificial Reef	0	20	0
Visayan State College of Agriculture Marine Sanctuary	0	20	0
Bacungan Fish Sanctuary	2002	20	0
Jagoliao Seagrass Marine Sanctuary	2002	20	0
Pingan-Pingan Reef Fish Sanctuary	0	20	0
Bongalonan Marine Sanctuary	1985	20	0
Tamiao Marine Sanctuary	1996	20	0
Capayas Island Marine Sanctuary	2000	20	0
Unidad Rizal and Gamut, Barobo Fish Sanctuary	0	20	0
Mandawa Fish Sanctuary	2000	20	0
Libjo/Bucao Fish Sanctuary	2003	20	0
Pilar Fish Sanctuary	1998	20	0
Sibolo Island Marine Sanctuary	1994	20	0
Katadungan Brgy. Punta Maria Fish Sanctuary and Marine Protected Area (prop)	0	20	0
Campao Occidental Marine Sanctuary	2002	20	0
Suba Marine Sanctuary	2004	20	0
Pulong Wala Fish Sanctuary	2002	20	0
Sulangan Marine Sanctuary	1996	20	0
Pamosaingan Marine Sanctuary	2000	20	0
Basud & Maanda Fish Sanctuary	0	20	0
Pandanon Fish Refuge and Sanctuary	2002	20	0
Bugsayon Marine Sanctuary	2003	20	13
Rabaw Ti Bato	2014	20	50
Rabaw Ti Bato	2014	20	50
Dapia Marine Sanctuary	2010	20.13	0
Belatan Halo Fish Sanctuary	2009	20.17	0
Obo-ob Marine Protected Area	2004	20.38	12
Kabac Marine Sanctuary	2006	20.48	0
Bantigue Fish Sanctuary	2005	20.6	0
Virgen Marine Park and Sanctuary	2016	20.6	10.7
Biga Fish Sanctuary and Refuge	2002	20.65	0
Anapog Fish Sanctuary	2002	20.8	0
Ungus-Ungus Marine Protected Area	2007	20.9	0
Dugong Sanctuary	2010	20.93	0
Merida Fish Sanctuary	0	21	0
Agdao Centro Fish Sanctuary	2007	21	0
Real Marine Sanctuary Dev't Project	0	21	0
San Isidro Marine Sanctuary	2000	21	0
Kandiis Marine Sanctuary	2000	21	0
Cagasawan Seagrass Sanctuary	2000	21	0
Lain Marine Reserve and Fish Sanctuary	1996	21.1	1
Dumana Marine Sanctuary	1996	21.3	0
Olang Marine Protected Area	2003	21.36	0
Bogo Marine Protected Area	2002	21.36	0
Imnajbu Marine Sanctuary	0	21.525	0
Capandan Marine Protected Area	2003	21.53	0
Mawi Marine Sanctuary	2003	21.56	0
Municipal Fish Sanctuary	2011	21.6	0
Nueva Estrella Fish Sanctuary	2003	21.619	0
Masaguisi Fish Sanctuary	2006	21.68	0
Hingotanan East Marine Sanctuary	2002	21.7	0
Langkis Marine Sanctuary	1999	21.79	0
Basco Community Marine Sanctuary	2005	21.85	0
Banbanon Fish Sanctuary	1999	21.99	0
Talisay Marine Sanctuary	2002	22	0
Tubajon MPA	2002	22	0
Liboron Seagrass Sanctuary	1996	22	0
Semirara Island Marine Sanctuary	1998	22	0
Kaongkod Marine Sanctuary	1996	22	0
Combo Marine Sanctuary	2006	22	0
Capitancillo, Bogo CEP	2004	22	0
Liboganon MPA	2005	22	0
Santa Fish Sanctuary	2007	22	0
Taguite Fish Sanctuary	1994	22.1	1
Taguite Marine Sanctuary	1996	22.2	0
Bool Fish Sanctuary	2000	22.2	0
Cabantian Marine Sanctuary	2003	22.22	0
Mahayag Marine Reserve Area	2003	22.5	0
Daan-Lungsod and Guiwang Marine Sanctuary	2002	22.71	0
Luban MPA	0	22.83	0
Twin Rocks Marine Sanctuary	1991	22.91	0
Campalabo Marine Reserve/Sanctuary	2002	23	0
Punta Ilag Fish Sanctuary	2009	23.1	0
Malatgao-Taritien Fish Santuary	2005	23.3322	0
Luyang Fish Sanctuary	2003	23.34	0
Liaburan Fish Sanctuary	2009	23.38	0
Bacawan Fish Sanctuary	2006	23.44	0
Arena Island Fish Sanctuary	2005	23.455	0
Santo Rosario Fish Sanctuary	2001	23.49	0
Darumawang Bukana Fish Sanctuary	2007	23.6	0
Bagacay Fish Sanctuary	2000	23.61	0
Majigpit Marine Sanctuary	2000	23.61	0
Balingasay Marine Sanctuary	1997	24	0
Tayong Occidental Marine Sanctuary	2003	24	0
Panglit Marine Protected Area	2007	24	91
Babatngon Fish Sanctuary (Calangawan Is.)	1991	24	0
Punta Marine Sanctuary	0	24	0
San Roque Fish Sanctuary	0	24	0
Candaping B Marine Protected Area	1996	24.2	0
San Ignacio MPA and Marine Sanctuary	0	24.25	0
Tulapos Marine Sanctuary	1987	24.45	0
Barangay Sinapsapan Marine Protected Area	2017	24.46	0
Panaloytoyon Fish and Marine Sanctuary	2000	24.65	0
Tag-anongan Marine Sanctuary	2003	24.78	0
Jandayan Norte Fish Refuge and Sanctuary	2002	24.86	0
Balibadon Fish Sanctuary	2003	24.87	0
Unidos Marine Sanctuary	2007	25	1
Baud Marine Sanctuary	1993	25	0
Hibotkan Rock Sanctuary	1995	25	0
Lamintao-Pasil Area Sanctuary	2004	25	0
Bel-is Fish Sanctuary and Fishery Reserve	2004	25	0
Bato-Tagatay Reef Fish Sanctuary	2001	25	0
Poblacion Fish Sanctuary	1985	25	0
Coastal Resource Mgt. & Marine Reserve	0	25	0
Bato Seagrass and Fish Sanctuary	2003	25	0
Sacol Fish Sanctuary	2006	25	0
Pilar Island Fish Sanctuary No. 2	0	25	0
Butan Marine Sanctuary	1993	25	0
Lambug Seagrass and Fish Sanctuary	2003	25	0
Manapa Fish Sanctuary	1996	25	0
Boac Community Marine Sanctuary	2002	25	0
Sag-ang Fish Sanctuary	1992	25	0
Brgy. Malingon Marine Sanctuary Project	0	25	0
Pasil Seagrass System	0	25	0
Binay-Palihon Island Fish/ Marine Sanctuary	2000	25	0
Bato Marine Protected Area	2008	25	0
PNOC Fishery Reserve Area	2001	25	0
Ligaya Reef Sanctuary	2008	25	0
Orion Kent Fish Sanctuary	1994	25	0
Buenavista Fish Sanctuary	2002	25	0
Ingan Fish Sanctuary	2000	25	0
St. Peter the Rock Fish Sanctuary	2010	25.10839993	0
Brgys. Calogan & Sta. Nino Artificial Coral Reefs (Gango)	0	25.13	0
Malabrigo Fish Sanctuary and Refuge	2002	25.18	0
Colayo MPA	2004	25.3	0
Tinaogan Marine Reserve	1988	25.3	0
Maslog Fish Sanctuary	2002	25.4	1
Maglog Fish Sanctuary	2002	25.4	0
Pagudpud (Dos Hermanos) Fish S	2008	25.77	0
Pagudpud (Bantay Abot-Kimallugong) Fish Sanctuary	2008	25.93	0
Dadatan Marine Protected Area	2010	26	0
Tantanang Bay MPA	2005	26	0
Sabang Fish Sanctuary	2004	26	0
Gosong Reef Fish Sanctuary	2011	26.046	0
Sagasan-Marcos Village (SaMVil) Marine Protected Area	2006	26.141	0
Tubod Mar Marine Sanctuary	2001	26.22	0
Camp Downes Fish Sanctuary	2005	26.48	0
Apale and Tolingon Fish Sanctuary	1999	26.5	0
Lumayag Marine Park	1989	26.5	0
Taongon Can-andam Marine Sanctuary	1999	26.5967	0
Taug-Tiguis Marine Sanctuary	2001	26.7	0
Caub Marine Sanctuary	2014	26.7	24.8
Labog Marine Protected Area	2008	26.922	0
Kinawahan Fish Sanctuary	2003	27	0
Laoag, Lomboy and Camiing sanctuary	2011	27	162
Buenavista Marine Protected Area	2006	27	0
Puntod Reef Fish Sanctuary	2005	27.242	0
Pasil Reef Marine Protected Area	2011	27.26	0
Ipil Fish Sanctuary	2009	27.41	0
Ubay Marine Protected Area	2006	27.5	0
Santiago MPA	0	27.61	0
Bitoon Marine Sanctuary	1997	27.85	0
Iniban Marine Sanctuary	1996	27.86	0
Placer Marine Sanctuary Project	2013	27.9	0
Gui-ob Fish Sanctuary	1991	28	0
Ayoke Island Marine Protected Area	2005	28	0
Linawan Municipal Fish Sanctuary	1999	28	0
Concepcion Marine Reserve, Ruyukan Channel	2006	28	0
Canhabagat Marine Park	2003	28	0
Mabua Marine Protected Area	2006	28	0
Bangongbanwa Marine Reserve and Sanctuary	1992	28	0
Culasian-Teniapan (CuTe) Marine Protected Area	2006	28	0
Malalison Island Marine Sanctuary	1991	28	0
General Island Marine Protected Area	2005	28	0
Poblacion MPA	2008	28	0
Calagcalag Fish Sanctuary	1988	28	0
Son-ok Fish Sanctuary	1995	28	0
Concepcion Marine Protected Area	2002	28	0
Bagonbanua Marine Reserve and Sanctuary	1998	28.31	1
Carenahan Fish Reserve	2003	28.37	0
Tagaliling Marine Protected Area	2011	28.79	0
Lakyajon Marine Sanctuary	2009	28.887	0
Basiao Point to Kasag Point at Lapinig	0	29	0
Isla Sto. Nino Brgy. Aldana Manila Bay	0	29	0
Calibunan Marine Sanctuary	1997	29	0
Cabadbaran Fish Sanctuary	1997	29.0386	0
Tagudtungan Fruit Bats, Seagrass and Coral Reef Sanctuary	0	29.04	0
Cahayagan Marine Fish Sanctuary	2003	29.04	0
Julita Fish Sanctuary	2008	29.1542	0
Agpangi Fish Sanctuary	2004	29.5	0
Mampio Marine Sanctuary	2009	29.52	0
Surip-Olanen Marine Protected Area	2004	29.7	0
Betaug Reef Fish Sanctuary	1996	29.95	0
Baobaon Fish and Marine Sanctuary	2002	30	0
Ando Fish Sanctuary	2002	30	0
Nabungsod Island Marine Reserve	2000	30	0
Salvacion/Inasan Maete Reef	2007	30	0
Brgy. Burgos Marine Sanctuary Project	0	30	0
Kasay MPA	2006	30	100
Imba Fish Sanctuary	1989	30	0
Brgy. Cabac Marine Sanctuary & Reserve Dev't	0	30	0
Fortune Island Tourist Zone & Marine Reserve	1978	30	0
Puting Balas Marine Protected Area	2003	30	0
Sta. Rosa Fish Sanctuary	1997	30	0
Pasig Reef Fish Sanctuary	2000	30	0
Tujod Fish Sanctuary	2006	30	0
Hilantagaan Diyut Marine Sanctuary	2006	30	0
Villareal Lampirong Reserve	2003	30	0
Danlagan Fish Sanctuary	2005	30	0
Camudmud Marine Protected Area	2010	30	0
Tindog Marine Sanctuary	1993	30	0
Guinhawa Fish Sanctuary	2000	30	0
Caorasan Fish Sanctuary & Marine Reserve	2005	30	0
Nasingin Marine Sanctuary	2002	30	0
Paclasan Fish Sanctuary	2012	30	0
New Argao Fish Sanctuary	2003	30	0
Stella Mariz Fish Sanctuary	2013	30.12	0
Burabod Gamay Fish Sanctuary and Fishery Reserve	2006	30.3203	0
Mantatao Marine Sanctuary	2003	30.39	0
Colon Marine Sanctuary	2006	30.68	0
Pagudpud (Saud-Caparispisan) Fish Sanctuary	2008	30.86	0
Hingutungan Fish Sanctuary	2000	31.01	0
San Antonio MPA	0	31.05	0
Brgy. Malcampo Marine Protected Area	2007	31.6	2551.6
Tagana-An Marine Sanctuary	2010	31.726	20.746
Guiwanon Marine Sanctuary	2000	31.8	0
Buan Fish Sanctuary	2009	31.84	0
Batong Diyut Marine Sanctuary (Brgy. Luyang)	1997	31.98	0
Laiya Ibabao Submarine Garden Marine Reserve	2006	32	0
Busogon Fish Sanctuary	2003	32	0
Divinubo Fish Sanctuary	2002	32	0
Victoria Fish & Seagrass Sanctuary	2003	32	0
Tambongon Fish Sanctuary	2003	32	0
San Pedro Fish Sanctuary	2000	32	0
Hilotongan Marine Protected Area	2007	32	0
Villa Enage Fish Sanctuary	2006	32.4126	0
Ambao Fish Sanctuary & Marine Reserve	2000	32.5	0
Tagkuti Reef Fish Sanctuary	0	32.68	0
Libertad Marine Protected Area	2005	33	1
San Isidro Marine Fish Sanctuary	2008	33	0
Cayam-Malinao Marine Sanctuary	2001	33	0
Libertad Marine Sanctuary	2002	33	0
Pagudpud (Puro) Fish Sanctuary	2008	33.33	0
Ichon - Amparo Marine Protected Area	2014	33.34	0
Batabat Coral Reef Reserve	1997	33.47	0
Santa Cruz Marine Sanctuary	2004	33.51	0
Villa Libertad Mangrove Management Area	2008	33.7	0
Betaog Fish Sanctuary	2002	34	1
Can-Usod Fish Sanctuary	2003	34	1
Sibukwan Marine Sanctuary	2002	34	0
Telbang PLS /Marine Protected Area	1993	34.09	0
Port Lamon Fish Sanctuary	1999	35	0
Baguan Island Marine Turtle Sanctuary	1982	35	0
Poblacion Marine Protected Area	2002	35	0
Palo Fish Sanctuary (Brgy. Paras)	0	35	0
Nogas Island Fish Sanctuary	1993	35	0
Tulang Marine Fish Sanctuary	2003	35	0
Burgos Fish Sanctuary	2002	35	0
Burgos Fish Sanctuary	2002	35	0
San Pablo Marine Sanctuary	2012	35	0
Ragnas Marine Protected Area	2012	35	0
Siay Seagrass Mangrove Protected Area	2011	35	30
San Pablo Fish Sanctuary	1999	35	0
Cogon Marine Protected Area	2009	35.13	170.47
Conalum Marine Sanctuary	1996	35.67	0
Puertobello Marine Sanctuary	2004	36	1
Bontangige Marine Sanctuary	2003	36	0
Santos Reef Marine Sanctuary	2007	36	0
Brgy. Bonifacio Aquino Marine Protected Area	2000	36	0
Guinbirayan Fish Sanctuary	1995	36	0
Barobaybay Fish Sanctuary	2004	36	0
Pacao Marine Reserve Area	0	36.08	0
Brgy.Tumarbong Marine Protected Area	2007	36.43	1896.43
San Isidro Reef	2010	36.48	0
Bucana Community-Managed Marine Area	2009	36.6	0
Punta Dumalag Marine Protected Area	2007	37	0
Gata Fish Sanctuary	2011	37.362	0
Harka Piloto Fringing Fish Sanctuary	2003	37.44	1
Pinamgo Marine Sanctuary	2000	37.8	0
Igang Bay Marine Sanctuary	2016	38.16	0
Puertobello Fish Sanctuary	2004	39.1	0
Sumilon Island Fish Sanctuary	1980	39.753	0
Calaguas Islands Fish Sanctuary	2006	40	1
Calanga Marine Sanctuary	2005	40	0
San Antonio, New Tambo, Tuburan and Uno Fish Sanctuary	0	40	0
Gubat Marine Reserve	2001	40	0
Tinaytay Reef Fish Sanctuary	1996	40	0
Panduma-Alindahaw-Lower Bayao-San Carlos (PALS) Marine Protected Area	2004	40	0
Nagpawikan Reef Fish Sanctuary	2009	40	0
Cotmo & Pinamasagan	0	40	0
Sabang Reef Fish Sanctuary (Binduyan)	2002	40	0
Pacatin Fish Sanctuary	2001	40	0
Antipolo Marine Reserve	2001	40	0
Sto. Nino-Basiawan Fish Sanctuary	1999	40	0
Danao Marine Sancuary	2007	40	0
Maujao Fish Sanctuary	2009	40	0
Gubat Marine Reserve and Fish Sanctuary	2012	40	50
Limasawa Fish Sanctuary	2008	40	0
Taytayen Etayo Marine Reserve	2009	40.49	0
Campalabo Reef	2010	40.96	0
San Miguel Bay	0	41	0
Tenga Fish Sanctuary	2005	41.0998	0
Silonay Mangrove Reserve	2010	41.3	0
Puno Point Marine Reserve	1994	41.4	0
Esperanza Marine Sanctuary	2004	42	1
Tapul Reef Fish Sanctuary	0	42	0
Hulao-hulao Fish Sanctuary	1996	42	32
Poblacion Fish Sanctuary	2003	42	0
Balabag Marine Sanctuary	2009	42.04	0
Bani Mangrove Marine Protected Area	2001	42.25	0
Takot Siari MPA	2003	42.5	0
Nakanmuan Marine Sanctuary	0	42.626	0
Mabahin Fish Sanctuary	1997	42.8498	0
Uba  Marine Protected Area	2005	43	0
Batong Buhay Marine Sanctuary	2009	43	0
Sitangkai North Lagoon Marine Protected Area	2006	43.17	0
Tinagong Dagat Marine Protected Area	2005	43.25819	0
Lomboy-Kahayag Fish Sanctuary	1999	43.28	0
Lobo Mangrove Forest Conservation Area	2001	43.54	0
Kagana Marine Protected Area	2001	43.6	78.94
Capasuan Vatang-Charakuhan Marine Sanctuary	0	43.745	0
Kamanga Marine Ecotourism Park and Sanctuary	2006	43.85	0
Tanghaligue Marine Sanctuary	2000	43.9	0
Tondon Fish Sanctuary	2007	43.97	0
Monbon Fish Sanctuary	1995	44.1	1
Bagasawe Marine Reserve & Fish Sanctuary	2002	44.21	0
Sanktuwaryo Sancedaco Marine Protected Area	2004	44.3	0
Poro Marine Protected Area	2014	44.42	0
Bilang-Bilangan East Marine Sanctuary	2000	44.8	0
Doh Tong Marine Protected Area	2005	44.89	0
Tanza Fish Sanctuary	2009	45	0
Dos Hermanas Is. Marine Park/Reserve	0	45	0
Cambatong Fish Sanctuary	1998	45	0
San Isidro Labrador Fish Sanctuary	2016	45	0
Bahurang Tapat Fishery Reserve	2010	45.17144	0
Ikaduha or Pangaduha Reef FS	2002	45.36	0
Minara Marine Protected Area	2014	45.82	658.04
Mantalip Marine Reserve	2007	46	0
Tagbacong Reef Fish Sanctuary	0	46.07	0
Bacacay MFR	2006	46.25	0
Binubusan Marine Protected Area	2015	47.457	0
Biasong Fish Sanctuary	2003	47.5	0
Mabudo Fish Sanctuary	2002	48	1
Mulanay Fish Sanctuary	2005	48	0
Rawis Reef Marine Sanctuary	2009	48	0
Bakong Ibaba Fish Sanctuary	2001	48	0
Puntod Ilis Fish Sanctuary (Babuyan)	2003	48	0
Budiong FS	2000	48	0
Bulanit Marine Protected Area	2006	48	0
San Pedro Marine Protected Area	2005	48	95
Panacalan MPA	2002	48.59	0
Cagban Marine Fish Sanctuary	2002	48.77	0
Brgy. Cogon Punta Biao Fish Sanctuary	2004	49	0
Bato Tabao Coral Reef Fishery Refuge and Sanctuary	2011	49	0
St. John the Baptist Fish Sanctuary	2010	49.38	0
Brgy Lumaniag Marine Protected Area	2011	49.92	0
Baler Marine Protected Area	2006	50	50
Julien's Wreck Marine Reserve and Sanctuary	2013	50	0
Catmon Marine Protected Area	2000	50	0
Putingbuhangin Marine Protected Area	2000	50	0
Catmon Mangrove Protected Area	2000	50	0
Imelda Mangrove Protected Area	2000	50	0
Hagonoy Fish Sanctuary	1998	50	0
Bolinao Reefs and Santiago/Silaqui Is. Marine Park/Reserve	0	50	0
Catanauan Fish Sanctuary	0	50	0
Tuban-Tagabuli Fish Sanctuary	2005	50	0
Triton Island Fish Sanctuary	1996	50	0
Eastern Cabul-an Marine Sanctuary	2002	50	0
Banacon Island Marine Sanctuary	2002	50	0
Prape Fish Sanctuary	1993	50	0
Libaong (Handumon) Marine Sanctuary	1995	50	0
La Fraternidad Tubay Fish Sanctuary	0	50	0
Anajao Island Fish Sanctuary	1994	50	0
Olotayan Island Marine Sanctuary	2002	50	182
Artificial Reef, Fish Reservoir & Reforestation	0	50	0
Mayao Castillo Fish Sanctuary	2003	50	0
Arew and San Isidro Marine Sanctuary	0	50	0
Layangan Fish Sanctuary	0	50	0
Malalag Fish Sanctuary	1993	50	0
Waling-waling Fish Sanctuary	0	50	0
Buburay Marine Protected Area	2005	50	0
Sayucao Fish Sanctuary	0	50	0
Western Cabul-an Marine Sanctuary	2000	50	0
Kapigtaan Masao Fish Sanctuary	0	50	0
Dimalooc Cove Fish Sanctuary	0	50	0
Sitio Magom Macambol Mati Fish Sanctuary	0	50	0
Nagolon Island Fish Sanctuary	1997	50	0
Puntod Reef MPA	2004	50	0
Seco Island Marine Sanctuary	1993	50	0
Estaca Mangrove/Fish Sanctuary	0	50	0
Balasinon Fish Sanctuary	1997	50	0
Liangan Cove Fish Sanctuary	1993	50	0
Agay-ayan and Caloco Marine Sanctuaries	2006	50	48
Asinan Fish Sanctuary	2000	50	0
Batulaki Marine Protected Area	2000	50.64	0
Palo Fish Sanctuary	2001	51	0
Brgy. Tuban Marine Protected Areas	2007	51.5	0
Buenavista Community Marine Protected Area	2013	51.521	92.161
San Isidro Marine Sanctuary	2003	51.56	0
Canticlan Island (Pearl Island) Guiuan	1998	52	1
Aguining Fish Sanctuary	1993	52	0
Siete Pecados Marine Park	2005	52	0
Batu-Batu-Kulape MPA	2005	52.33	0
Sebaste Shoal Marine Sanctuary	2000	52.43	1
Matabao Marine Sanctuary	2011	52.6	15
Matabao Fish Sanctuary	2011	52.6	0
Manda Island Marine Protected Area	2007	52.61	0
Cutad - Pico de Loro Marine Reserve	2009	52.62	0
Apalan Marine Reserve & Fish Sanctuary	2000	53	0
Kayreyna Marine Protected Area	2015	53.057	0
Tuka Marine Park, Reserve and Sanctuary	2006	53.305	0
Pilar Island Fish Sanctuary No. 1	0	54	0
Capinahan Marine Sanctuary	2014	54.01	0
Mitri Community-Managed Marine Area	2009	54.6	0
Bonbon Marine Sanctuary	2013	54.7	0
Pagudpud (Pimmaga) Fish Sanctuary	2008	54.86	0
Sta. Cruz Community Marine Reserve	2008	55.128	139.78
Tigao Fish Sanctuary	1996	55.31	0
Oroquieta City Marine Sanctuary	1999	56	0
Barangay Dolores Marine Fish Haven	2014	56.51	0
Carabao Island Fish Sanctuary	2015	56.8	0
Dibutunan Marine Protected Area	2006	57.71	0
Lanuza Marine Park and Sanctuary	2002	58	0
Dao Dao Island Marine Protected Area	2007	58	0
Mahanay Marine Sanctuary	1997	59	0
Naic Fish Sanctuary	2003	59.3	0
Tu-balan Cove	2003	60	0
Lapinig Island Fish Sanctuary	1986	60	0
Kalaparan Coral Reef Protected Area	2002	60	0
Bolinao Seagrass Reserve	2007	60	0
Bagsak, Central Fish Sanctuary	0	60	0
Pandan Grande Sanctuary	2008	60	0
Calatagan Pyramid Artificial Reef Marine Protected Area	2000	60.03	0
Pasadena Community-Managed Marine Area	2008	60.6	0
Song of the Sea Fish Sanctuary	2013	60.61	0
Corong-Corong Reef Fish Sanctuary	2010	60.9	0
Roseller T. Lim Marine Protected Area	2006	62	50
Municipal Fishery Reserve and Sanctuary of Tigaon	2010	62.2	0
San Jose Artificial Reef Project	0	63	0
Buluan Island Marine Sanctuary	2006	63.16	20
Kaeyoy Marine Protected Area	2002	63.2	0
Loyola Fish Sanctuary	1999	63.5	0
Maloong Canal Shoal MPA	2007	64	144
Bintuan Sangat Marine Park	2004	64	0
Bani Marine Protected Area	2006	64.43	0
Pandan No Take Zone	2007	64.5	0
Campomanes-Ballo Marine Reserve and Sanctuary	2013	66	1
Palm Reef Marine Reserve and Sanctuary	2003	66	0
Burgos Reef Sanctuary	2008	67.68	0
Sta. Cruz Seagrass Sanctuary	2003	67.72	0
Lagasan-Pababag Marine Protected Area	2005	68.79	0
Villahermosa Marine Sanctuary	2004	69.3	0
Dapdap Esperanza Marine Sanctuary and Mangrove Reserve	2012	70	0
Lacson Reef Marine Sanctuary	2007	70	0
Adlay Marine Protected Area	2006	70	0
San Juan (Pagpisotan) Fish Sanctuary	1997	70	0
Misom Sanctuary	0	70	0
Carrascal Marine Protected Area	1999	70	0
Shellfish Reservation Zone	2002	70	0
Lumbal Fish Sanctuary	0	70	0
Badiang Fish Sanctuary	1999	70	0
Ipil Marine Reserve Area/ Fish Sanctuary	2005	70.2	0
Atulayan Bay Fish Sanctuary and Marine Reserve (Site I)	1993	70.36	72.28
Pangyan Marine Protected Area	2000	70.41	0
Tres Marias Marine Sanctuary	2007	70.8	0
Caretunan-Quilitisan Joint MPA	2000	71	0
Humay-humay Marine Sanctuary	0	71.2	0
Bilang-Bilangan West (Daku)	2000	71.9	0
Atulayan Island Fish Sanctuary (Site II)	1993	72	0
Baruarte-Bataan-Nagsaulay-Subukin Mangrove Protected Area	2000	73	0
Ticalan Marine Protected Area	2000	73	0
Badung-Badung Island Marabut (Western) Fish Sanctuary	0	73	0
Parunponon Island Fish Sanctuary (Manalo)	2000	74	0
Badung-badong Fish Sanctuary	1992	74	0
Atop-Atop Marine Sanctuary	1996	74.22	0
Looc Fish Sanctuary	2009	74.4	0
Macrohon - Santa Cruz Marine Park Bird and Fish Sanctuary	1996	74.96	37.32
Calucub 1st Marine Protected Area	2000	75	0
Lorong Panay Fish Sanctuary	0	75	0
Danan Fish Sanctuary	0	75	0
Lunib Fish Sanctuary	0	75	0
Dimataling Municipal Marine Protected Area	2006	75	0
Burgos Bird and Fish Sanctuary	1998	75.6	0
Dabong Island Fish Sanctuary	2005	75.622	0
Banilad Fish Sanctuary	2011	76	0
Buloc-buloc Cove Marine Protected Area	2016	77	0
San Miguel Marine Protected Area	2003	77	622
Pandan Piqueno Sanctuary	2008	78	0
Cawili Bird and Marine Sanctuary	2004	78.81	0
Abung Marine Protected Area	2006	80	0
Mahabang Buhangin Cove Fish Sanctuary and Refuge	2011	80	486.2
Discovery Reef	2008	80	0
Brgy. Rizal Marine Protected Area	2007	80	1333
Agsalin Fish Sanctuary	2004	80.13	0
Tambong Fishery Reserve	2013	80.4	0
Gasan Community Marine Reserve	1997	82	1739
Gaas Bay Marine Protected Area	2005	82	0
Dalipe Point/ Bintanang Bato	2008	82	0
Palaypay Cove Fish Sanctuary	2006	82.79	0
Nalasuan Island Marine Sanctuary	2002	83.12	0
Borongan Fish Sanctuary	1997	84	0
Jordan Municipal Marine Reserve and Sanctuary for All Marine Life including  Sea Turtles	1997	84.9	0
Nabangka Fish Sanctuary	2001	85	0
Pagadian City Marine Protected Area 2 (Lalas)	2008	85.44	0
Donsol Marine Conservation Park	2007	86	227
Tibu- Tabu Marine Protected Area	2006	87	0
Tubig Kuppiya Marine Protected Area	2006	87.42	0
Uson-Bariis Marine Sanctuary	2006	87.9004	0
Ormoc Bay	0	87.93	0
Pagadian City Marine Protected Area 1	2001	88	0
Culasian Fish Sanctuary	1991	88.5	0
Tamauyan Reef Fish Sanctuary	2006	89.37089376	0
Teneguiban Fish Sanctuary	2007	91.6	0
Brgy. Ermita Marine Protected Area	2005	96	39
Dansulao Marine Protected Area	2004	98	14
Monching Siay Artificial Coral Reef	0	100	0
Nasidman Islan Sanctuary	2004	100	0
Tanza Artificial Reef Project	0	100	0
Brgy. Biasong Mangrove Protection and Rehabilitation and Fish Sanc. (prop)	0	100	0
Caraga Fish Sanctuary	2002	100	0
Paradang Goma, Pulong Bato Fish Sanctuary	2003	100	0
Pulo-Pina MPA	2005	100	0
Mapanas Bay Marine Resource Dev't Project	0	100	0
Ginasian Daku Island Fish Sanctuary	2004	100	0
Looc Marine Reserve	2006	100	0
Sumalig, Tambulig Fish Sanctuary	0	100	0
Ginasian Diutay Island Fish Sanctuary	2004	100	0
Maguiring and Sogod Fish Sanctuary	0	100	0
Maculay Fish Sanctuary	1998	100	0
Murcielagos Island Protected Landscape and Seascape	2000	100	151
Tan-Luc Marine Protected Area	2012	100	0
Kalampisaw at Elet Marine Sanctuary	2004	102.23	0
Danjugan Island Marine Reserve and Sanctuaries	2000	102.4	0
Aquino-Ondoy Marine Fish Sanctuary and Fishery Reserve	2004	102.85	0
Tambunan Marine Sanctuary	2002	103	0
Tambunan Marine Protected Area	2003	103.5	0
Receiving Reef	2008	103.58	0
Taracan Marine Protected Area	2000	104	0
Lipata II Marine Protected Area	2008	104.2	0
Dinas Marine Protected Area	2000	106	0
Caalan Marine Protected Area	2008	107.1	0
Caalan Community-Managed Marine Area	2008	107.1	0
Salong-Calero Seagrass and Corals Marine Protected Area	2016	107.6	0
Sogod Bay	0	108	0
Sagrada-Bogtong Marine Protected Area	2006	109	392
Naro Mangrove Wilderness Area	2000	109.98	0
Matungao Fish Sanctuary	0	110	0
Awasan Fish Sanctuary (Awasan Reef)	2001	112	0
Capoocan Fish Sanctuary	1991	112.2	0
Laiya Ibabao Seascape NTZ	2006	113	0
Pilar Marine Fish Sanctuary	2013	114	0
Casintan Marine Protected Area	1999	115.83	1
Talaga ""Leek"" and Manukan Island  Marine Sanctuary	2004	116.76	0
Subic Municipal MPA	2011	118	96
Berong Marine Protected Area	0	118.2	6083.59
San Antonio & Salingogon Fish Sanctuary	2000	119	0
Corong-Corong Community-Managed Marine Area (Depeldet Is)	2009	119	0
Lupakon and Bilangbilang Reefs Marine Sanctuary	1998	120	1
Taglawigan Fish Sanctuary	0	120	0
Malipot Rawis Lagbak Marine Reserve and Fish Sanctuary	1997	120	0
Bacon Marine Reserve	1999	120	0
Limbayan Biruar Marine Turtle and Coral Reef Sanctuary	0	120.2	0
Malabungot Protected Landscape and Seascape/ Lamit Island Mangrove Swamp and Forest Reserve	2000	120.62	0
Ogtok Fish Sanctuary & Marine Reserve	1997	121	0
Port Barton Marine Park	1998	123	7482
Sinabacan-Malimanga Marine Protected Area	2003	124	142
Tandu Balasan Marine Protected Area	2004	124	0
Bugor Sand Marine Protected Area	2005	125	0
San Pablo de Bauan MPA and Fishery Reserve	2009	125.38	0
San Salvador Marine Sanctuary	1989	127	0
Nagbandera and Dawawow Reefs Marine Sanctuaries	2007	127	0
Agojo Point Fish Sanctuary	1993	127	0
Maomawan Fish Sanctuary	1997	127.9	0
Mapagba Fish Sanctuary (Burias Reef)	1997	131	0
Casao Marine Reserve	1995	133.98	0
Bahurang Aurora Fishery Reserve	2010	136	0
Maragakdak No Take Zone	2007	137.5	0
Parola Reef	2008	137.51	0
Matnog Marine Reserve Fish Sanctuary	2005	138	0
Imelda Marine Reserve	2006	138	0
Bugtongbato Marine Fish Sanctuary and Fishery Reserve	2013	138.21	0
Lagas Island Marine Sanctuary	2001	140	0
Sampotan Islet Marine Protected Area	2005	140.65	0
Lukpan MPA (Malamawi Island)	0	142	0
Municipal Fish Sanctuary	2003	142.489	0
Caranan Fish Sanctuary	1993	144	0
Binoclutan-Porac-Panan Marine Protected Area	2011	148	108
Ivisan Marine Sanctuary and Forest Reserve	2014	149.318	0
Cinco Marine Protected Area & Fish Sanctuary	2005	150	0
Mabini FS	2001	150	0
Pitogo Bay Pandanan Seaweeds Municipal Nursery	0	150	0
Baco Marine Protected Area	2015	152.53	0
Brgy. Carlagan Fish Sanctuary	2007	153.1	0
Abra de Ilog Fish Sanctuary	2007	154.47	0
Municipal Fish Sanctuary & Marine Reserve	2010	155	1
Lucban-Macalog Reef MPA	2007	155	125
Sanipaan Marine Park	2008	158	0
Brgy. Caramay Marine Protected Area (BCMPA)	2004	158	1281
Island Garden City Marine Protected Areas	2010	158	0
Barotac Mangrove Reserve & Aquatic Wildlife Sanctuary	1999	160	0
Militar - Sto. Nino - Sugod -Tagulo Marine Protected Area	2003	160	0
Maasin Fish Sanctuary	2005	163.439	0
Alfonso XIII-Tabon-Panitian Marine Protected Area	2012	164.5	664.5
Ilin Strait Mariculture Park/ Zone	2008	165.03	0
Corregidor Fish Sanctuary	0	170	0
Mambuquiao Fish Sanctuary and Fishery Reserve	2001	170.5	0
Tabang Cove Marine Sanctuary	2007	174.27	0
Idarag Creek to Red Rock	2008	177.76	0
Balatasan Fish Sanctuary	1999	178.98	0
Pilar Municipal Marine Park	2005	179.21	0
Kaniki-Katuldan Marine Sanctuary	2005	179.733	0
Las Pi√±as‚ÄìPara√±aque Critical Habitat and Ecotourism Area	2007	181.63	0
Talisay Marine Fish Sanctuary	2010	185.6972	0
Ngolos Marine Protected Area	2016	187	0
Avila Marine Sanctuary	2014	189.8	0
Laiya Aplaya Submarine Garden Marine Reserve	2006	192	0
Torrijos Community Marine Reserve	1998	195	345
Sorsogon Bay	0	199	0
Masinloc Marine Protected Area Network	2008	199	0
Pandan, Matabao, and Panaytayon Marine Sanctuary	1999	200	0
Looc Bay Fishing Free Zone	0	200	0
San Juan Fishing Free Zone	0	200	0
Brgy. Ando, Libuton, Maypangdan , Tabusan, San Saturnino MS	0	200	0
Calauag Bay	0	200	0
San Vicente Fish Sanctuary and Artificial Reef	0	200	0
Takot Patumbok Marine Protected Area	2004	200	24
Villa Milagrosa Fish Sanctuary	1993	200	0
San Miguel Island Marine Fishery Reserve	1998	203.2	0
Aberawan Community-Managed Mangrove & Marine Area	2007	203.91	0
Aramaywan Fish Santuary	2005	204.631	114.069
Mangal Marine Protected Area	2014	206	0
Batasan Marine Sanctuary	1999	209.93	0
Lumislis Fish Sanctuary	1989	210	0
Islands of Catiil, Colangaman, Lomislis, Tangangdio, Tintiman and the Islet of Pamasuan	0	210	0
Sagrada-Bogtong, Concepcion Marine Reserve	2006	214	357
Minantaw Marine Park and Sanctuary	2008	214.6	0
Tabuc Island Marine Park and Bird Sanctury	1996	222	0
Brgy. Sagurong San Miguel Island Marine Fishery Reserve	1998	225	0
Charles Islet Fish Sanctuary	2007	225	0
Tinangisan Island (Ticlin Reef)	2010	236.15	0
Maasin City Marine Reserve	2015	236.28	0
Digisit-Puntian Marine Sanctuary	2006	242.6	0
Sta. Elena Fish Sanctary	2009	244	1
Bongasalay Natural Park	2000	244.721	0
Sinandigan Marine Sanctuary	2004	245.38	0
Talabong Mangrove Forest	1986	250	0
Buntod Reef Marine Sanctuary	2002	250	1
Manyukos Island Marine Sanctuary	2003	254.17	0
Chicken Island Marine Sanctuary	2007	259	0
Hermana Menor Marine sanctuary	2003	265.9	134.1
Dibut Bay Marine Protected Area	1999	270	0
Sitio Mangihay, Bobon, Dahican Fish Sanctuary	0	279.5	0
Manlag Community-Managed Mangrove Forest	1981	289.97	0
San Pedro Bay	0	295	0
Baliangao Protected Landscape and Seascape	1992	295	0
San Pedro, Sta. Ana, Taopoli Mangrove Preservation	0	300	0
Balatasan Cove Tourist Zone & Marine Reserve	1978	300	0
Matara Reef Marine Protected Area	2007	300	0
Moring Reef Brgy. Punta Sulong Marine Sanctuary	0	300	0
Sibaltan Community Managed Marine Area / Mangrove Area	2009	300.64	0
Tumalintinan Point MPA	1999	303.49	0
Sabang Fish Sanctuary	1997	312	0
Villa Paz Community-Managed Marine Area	2009	313.74	0
Toyo Reef Fish Sanctuary	1994	314	0
San Jose Marine Protected Area	1999	318.14	0
Pinagbayanan Mangrove Protected Area	2006	323	0
Bahurang Malapad (Lubang) Fishery Reserve	2010	325.388349	0
Perez Fish Sancturary	1991	330	0
Pinagsakayan Fish Sanctuary	1991	330	0
Mabini Community-Managed Marine Area	2009	338.73	0
Bantayan Integrated Marine Park and Sanctuary	0	345	0
Caohagan Island Fish Sanctuary	2002	345	0
Butag Bay Fish Sanctuary and Marine Reserve	1999	350	1
Pulong Agta Fish Sanctuary	0	350	0
Nusa and Bonbon Island Marine Sanctuary	2004	351.34	0
Tucamaror Tridacna and Coral Reef Sanctuary	0	360.4	0
Pamanculan Fish Sanctuary	2014	362.73	0
Tangalan Fish Sanctuary and Fishery Reserve	2003	375	0
Panglao Island Protected Seascape	2003	385.67	0
San Antonio Bay Marine Protected Area	2018	391.79	0
Puntod Sebaste Shoal Marine Protected Area	1998	393.875	0
San Juan - Macatel MPA	1999	402.1	0
Municipal Fish Sanctuary and Reserve	2002	404	0
Lasang-Bunawan MPA	2007	415	0
Paracale Fish Sanctuary and Marine Reserve	2001	420	0
Alibijaban Island Wilderness Area	0	430	0
Hinatuan Bay Marine Protected Area	1999	440.41	0
Tapel Marine Protected Area	2010	444.27	0
Malinao Fish Sanctuary	2004	450	1
Igat Island, Tulapok, Tiguian, Digon Municipal Fish Sanctuary (included in Dumanquillas Bay)	0	500	0
Abucay Fish Sanctuary	0	500	0
Macaca Reef Marine Protected Area	1997	500	0
Brgy. Cansangaya and Brgy. Rawis Fish Sanctuary and Artificial Reef (prop)	0	500	0
Bahurang Bulacan Fishery Reserve	2010	500.0027158	0
Balisungan Marine Protected Area	2006	542.28	0
Quinlogan and Calumpang Marine Protected Area	2012	575.86	5383.64
Quinlogan and Calumpang Marine Protected Area	2012	575.86	0
Panagatan Island Marine Turtle Sanctuary	1975	600	0
Kumanabang Marine Protected Area	2011	628.4	0
San Isidro Fish Sanctuary	0	647.5	0
New Ibajay Community-Managed Marine and Mangrove Area	2009	661.1	0
Malumawan Fish Sanctuary	0	684	0
Apo Island Protected Landscape and Seascape	1994	691.4	0
Apo Island Marine Reserve	1982	691.45	0
Bahurang Malapad (Looc) Fishery Reserve	2010	724.605937	0
Maglipay Fish Sanctuary	0	777	0
Pananggalon Marine Sanctuary	2006	800.17	0
Sulangan Marine Protected Area	2016	831.8	0
Campalabo-San Isidro-Tinangisan Marine Protected  Area	2010	847	0
Jolo (Kapaetan Reef)	2003	851.18	0
Bangaan Island Marine Sanctuary	2004	880	0
Panay Fishery Marine Reserve	2003	900	0
Taggat Norte Marine Protected Area	2011	903.08	0
Hirapsan-Palihon Marine Fish Sanctuary	2003	907	0
Tinitian (Kamaleguen Reef)	2013	935	0
Selinog Island Protected Landscape and Seascape	2000	960.265	1294.35
San Miguel MPA	2013	992	0
Sibutad	0	1000	0
Cansaga Bay	0	1000	0
Bahurang 8 Fishery Reserve	2010	1000	0
Butong-Pandan Fishery Reserve	2010	1019.016868	0
Olango Island Wildlife Sanctuary	1978	1030	0
Magsidel-Centro Marine Protected Area	2011	1049.49	0
Cabra Island Fishery Reserve	2010	1095.808335	0
Taklong Island National Marine Reserve (TINMAR)	1990	1143.45	0
Lubang and Looc No Take Zone	2010	1149.52	0
Alburquerque-Loay-Loboc Protected Landscape and Seascape	2000	1164.16	0
Aliguay Island Protected Landscape and Seascape	1999	1187.51	1191.89
Paril-Sangay Marine Sanctuaries	2003	1200	0
Initao Protected Landscape and Seascape	1994	1300.78	800.45
Bahurang 7 Fishery Reserve	2010	1320.551753	0
Escalante Bay Marine Sanctuary	2003	1323.543	0
Bahurang Vigo Fishery Reserve	2010	1349.998742	0
Talisay Marine Reserve Area/ Marine Fishery Reserve	2000	1416.68	1
Camotes Island Protected Landscape and Seascape	2018	1436.98	0
Bacolod City Marine Protected Areas	0	1500	0
Tabango Bay Fish Sanctuary	0	1500	0
Marine Fishery Reserve( Calalay Island)	2005	1566	1
Agfa Point Coastal Resource Mgt.	0	1660	0
Looc Marine Park	2010	1749.673798	0
Great and Little Sta. Cruz Islands Protected Landscape and Seascape	2000	1877	1548
Hundred Islands National Park	1940	1884	0
Lubang Marine Park	2010	1901.656063	0
Sapenitan Siruma Fish Sanctuary	1994	1932	0
Rasa Island Wildlife Sanctuary	2005	1983.72	0
Sinandigan Marine Sanctuary	1994	1989.4	0
Vinzon's Fish Sanctuary and Marine Reserve	2001	2068.76	0
Agkawayan/Ambil Pass Fishery Reserve	2010	2167.267753	0
Ambulong Strait Mariculture Park/Zone	2008	2763	0
Bulalacao Marine Protected Area	2014	3468.34	0
Puerto Galera Fish Sanctuary	2006	4828	1
Puerto Galera MPA's/Dive Sites	2005	4828	0
Talibon Group of Islands Protected Landscape	1998	6456.87	0
Seven Line MPA	2016	6598	0
Palaui Island Protected Landscape and Seascape	1994	7415	0
St. Paul Bay Marine Reserve	2006	7455	0
Masinloc and Oyon Bay Marine Reserve	1993	7568	0
Mabini Protected Landscape and Seascape	2000	7645.93	0
Sapian Bay Marine Sanctuary	0	8000	0
Agoo-Damortis Protected Landscape and Seascape	1992	10513.3	135.64
Cuatros Islas Protected Landscape and Seascape	2000	12500	0
Penablanca Protected Landscape and Seascape	2003	15563	0
Apo Reef Natural Park	1996	15792	11677
Turtle Bay and Binunsalian Bay Marine Sanctuary	1992	16185	0
Puerto Princesa Subterranean River National Park	1971	16449	0
Pujada Bay Protected Landscape and Seascape	1994	21200	0
San Antonio Bay Marine Protected Area	2014	23345.21	1331
Dumanquillas Bay Protected Landscape and Seascape	1999	25948	3714.98
Sagay Marine Reserve	1995	32000	0
Biri-Larosa PLS (Biri, Lavesarez, Rosario & San Jose)	2000	33492	0
Philippine Rise Marine Resource Reserve	2018	49684	352390
El Nido-Taytay Managed Resource and Protected Area	1998	54303	0
Guiuan Protected Landscape and Seascape	1978	60448	0
Northern Sierra Madre National Park	1997	71652	0
Aborlan Marine Protected Area	2016	79910	0
Tubbataha Reefs Natural Park	1988	97030	349509
Batanes Protected Landscape and Seascape	1992	193255	0
Malampaya Sound Protected Landscape and Seascape	1978	200115	0
Sarangani Bay Protected Seascape	1996	215950	0
Siargao Protected Landscape and Seascape	1996	216913	0
Turtle Islands Wildlife Sanctuary	1999	242967	0
Ticao Burias Pass Protected Seascape	2018	414244	0
Ta√±on Strait Protected Landscape and Seascape	1998	534589.05	0
Cagayancillo Coastal Marine Area	2016	1013340	0
